account,symbol,direction,volume,entry_time,exit_time,entry_price,exit_price,duration_min,points,pnl_usd,outcome
390993180,EURUSDmicro,SELL,0.1,2026-01-23 09:50:39,2026-01-23 10:30:02,1.17538,1.17651,39.4,-0.0011,-0.11,LOSS
390993180,GOLDmicro,BUY,0.1,2026-01-23 12:58:58,2026-01-23 13:06:33,4967.4,4975.24,7.6,7.84,0.78,WIN
390993180,GOLDmicro,SELL,0.1,2026-01-26 11:01:13,2026-01-26 11:11:24,5088.55,5088.47,10.2,0.08,0.01,BE
390993180,GOLDmicro,BUY,0.1,2026-01-27 07:43:20,2026-01-27 07:48:48,5072.49,5073.89,5.5,1.4,0.14,WIN
390993180,USDJPYmicro,SELL,0.1,2026-01-27 21:15:04,2026-01-27 23:51:13,152.741,152.715,156.1,0.026,0.02,BE
390993180,EURUSDmicro,BUY,0.1,2026-01-28 17:17:34,2026-01-28 17:59:59,1.19623,1.198,42.4,0.0018,0.18,WIN
390993180,EURUSDmicro,BUY,0.1,2026-01-28 20:16:08,2026-01-29 01:45:38,1.196,1.19673,329.5,0.0007,0.07,WIN
390993180,USDJPYmicro,BUY,0.1,2026-01-28 21:26:27,2026-01-29 06:50:44,152.996,153.303,564.3,0.307,0.2,WIN
390993180,GOLDmicro,BUY,0.1,2026-01-30 13:30:05,2026-02-04 17:13:44,4893.6,5001.19,7423.7,107.59,10.76,WIN
390993180,GOLDmicro,BUY,0.1,2026-02-04 17:02:00,2026-02-04 17:13:45,4989.24,5001.23,11.7,11.99,1.2,WIN
390993180,GOLDmicro,BUY,0.1,2026-02-04 17:22:10,2026-02-04 17:23:22,5006.93,5016.74,1.2,9.81,0.98,WIN
390993180,GOLDmicro,BUY,0.1,2026-02-04 17:22:12,2026-02-04 17:34:12,5006.94,5020.43,12.0,13.49,1.35,WIN
390993180,GOLDmicro,BUY,0.1,2026-02-04 17:32:35,2026-02-11 00:01:28,5018.62,5052.85,9028.9,34.23,3.42,WIN
390993180,GOLDmicro,BUY,0.1,2026-02-11 00:11:20,2026-02-11 00:14:39,5054.06,5055.5,3.3,1.44,0.14,WIN
390993180,GOLDmicro,BUY,0.1,2026-02-11 00:17:48,2026-02-11 07:48:34,5060.52,5060.67,450.8,0.15,0.01,BE
390993180,GOLDmicro,BUY,0.1,2026-02-11 08:04:46,2026-02-11 08:06:25,5073.93,5075.45,1.6,1.52,0.15,WIN
390993180,GOLDmicro,BUY,0.1,2026-02-11 09:05:52,2026-02-11 10:12:56,5072.55,5060.56,67.1,-11.99,-1.2,LOSS
390993180,GOLDmicro,BUY,0.1,2026-02-11 10:15:58,2026-02-11 10:47:02,5054.26,5075.86,31.1,21.6,2.16,WIN
390993180,GOLDmicro,BUY,0.1,2026-02-11 10:55:54,2026-02-11 11:05:05,5072.86,5073.65,9.2,0.79,0.08,WIN
390993180,GOLDmicro,SELL,0.1,2026-02-11 11:05:16,2026-02-11 11:46:01,5074.19,5093.48,40.7,-19.29,-1.93,LOSS
390993180,GOLDmicro,SELL,0.1,2026-02-11 11:05:28,2026-02-11 11:46:01,5074.64,5093.48,40.5,-18.84,-1.88,LOSS
390993180,GOLDmicro,SELL,0.1,2026-02-11 11:05:42,2026-02-11 11:46:01,5075.11,5093.48,40.3,-18.37,-1.84,LOSS
390993180,GOLDmicro,SELL,0.1,2026-02-11 11:06:48,2026-02-11 11:46:01,5077.71,5093.48,39.2,-15.77,-1.58,LOSS
390993180,GOLDmicro,SELL,0.1,2026-02-11 11:09:02,2026-02-11 11:46:01,5082.93,5093.48,37.0,-10.55,-1.05,LOSS
390993180,GOLDmicro,SELL,0.1,2026-02-11 12:06:24,2026-02-11 12:13:12,5083.77,5073.47,6.8,10.3,1.03,WIN
390993180,GOLDmicro,SELL,0.1,2026-02-11 12:06:24,2026-02-11 12:14:04,5083.77,5068.36,7.7,15.41,1.54,WIN
390993180,GOLDmicro,SELL,0.1,2026-02-11 12:06:24,2026-02-11 12:14:21,5083.77,5069.48,8.0,14.29,1.43,WIN
390993180,GOLDmicro,SELL,0.1,2026-02-11 12:06:24,2026-02-11 12:14:34,5083.77,5070.62,8.2,13.15,1.32,WIN
390993180,GOLDmicro,SELL,0.1,2026-02-11 12:06:24,2026-02-11 12:14:44,5083.77,5071.24,8.3,12.53,1.25,WIN
390993180,GOLDmicro,BUY,0.1,2026-02-11 12:14:56,2026-02-12 10:26:30,5072.27,4892.16,1331.6,-180.11,-18.01,LOSS
390993180,GOLDmicro,BUY,0.1,2026-02-12 10:15:22,2026-02-12 12:02:11,4962.24,4949.01,106.8,-13.23,-1.32,LOSS
390993180,GOLDmicro,BUY,0.1,2026-02-12 11:54:42,2026-02-12 12:02:11,4945.79,4949.01,7.5,3.22,0.32,WIN
390993180,GOLDmicro,BUY,0.2,2026-02-12 11:56:01,2026-02-12 12:02:15,4946.46,4946.28,6.2,-0.18,-0.04,BE
390993180,GOLDmicro,BUY,0.2,2026-02-12 11:58:31,2026-02-12 12:02:19,4942.29,4948.0,3.8,5.71,1.14,WIN
390993180,GOLDmicro,BUY,0.1,2026-02-12 12:00:17,2026-02-12 12:02:22,4937.2,4945.83,2.1,8.63,0.86,WIN
390993180,GOLDmicro,BUY,0.1,2026-02-12 12:00:17,2026-02-12 12:05:06,4937.2,4936.59,4.8,-0.61,-0.06,LOSS
390993180,GOLDmicro,BUY,0.1,2026-02-12 12:00:58,2026-02-12 12:05:06,4935.02,4936.59,4.1,1.57,0.16,WIN
390993180,GOLDmicro,BUY,0.1,2026-02-12 12:00:58,2026-02-12 12:05:08,4935.02,4935.43,4.2,0.41,0.04,BE
390993180,GOLDmicro,BUY,0.1,2026-02-12 12:03:47,2026-02-12 12:05:08,4934.92,4935.43,1.3,0.51,0.05,WIN
390993180,GOLDmicro,BUY,0.1,2026-02-12 12:03:47,2026-02-12 12:05:08,4934.92,4934.91,1.4,-0.01,-0.0,BE
390993180,GOLDmicro,BUY,0.1,2026-02-12 12:04:12,2026-02-12 12:05:08,4932.3,4934.91,0.9,2.61,0.26,WIN
390993180,GOLDmicro,BUY,0.1,2026-02-12 12:04:12,2026-02-12 12:10:43,4932.3,4932.8,6.5,0.5,0.05,BE
345807240,USDJPY,BUY,0.01,2026-07-13 02:15:00,2026-07-13 10:30:41,162.07,162.428,495.7,0.358,2.2,WIN
345807240,GOLD,SELL,0.01,2026-07-14 06:00:00,2026-07-14 06:00:49,4030.94,4030.94,0.8,0.0,0.0,BE
345807240,EURUSD,SELL,0.02,2026-07-14 05:55:00,2026-07-14 06:25:06,1.1407,1.14149,30.1,-0.0008,-1.58,LOSS
345807240,GOLD,BUY,0.1,2026-07-14 10:54:45,2026-07-14 10:55:52,4060.57,4061.05,1.1,0.48,4.8,WIN
345807240,GOLD,BUY,0.1,2026-07-14 11:12:14,2026-07-14 11:35:09,4058.4,4061.56,22.9,3.16,31.6,WIN
345807240,GOLD,BUY,0.1,2026-07-14 11:14:13,2026-07-14 11:35:11,4058.09,4061.57,21.0,3.48,34.8,WIN
345807240,GOLD,BUY,0.1,2026-07-14 11:14:26,2026-07-14 11:35:13,4056.84,4061.73,20.8,4.89,48.9,WIN
345807240,GBPUSD,BUY,0.01,2026-07-14 11:20:01,2026-07-14 11:49:03,1.33701,1.33803,29.0,0.001,1.02,WIN
345807240,GBPUSD,BUY,0.01,2026-07-14 11:20:01,2026-07-14 11:49:03,1.33701,1.33803,29.0,0.001,1.02,WIN
390993180,GOLDmicro,BUY,0.1,2026-02-12 12:09:02,2026-07-14 18:50:45,4924.2,4055.25,219281.7,-868.95,-86.89,LOSS
390993180,GOLDmicro,SELL,0.1,2026-07-14 18:50:45,2026-07-14 19:00:02,4055.25,4062.02,9.3,-6.77,-0.68,LOSS
390993180,GOLDmicro,SELL,0.1,2026-07-14 18:52:49,2026-07-14 19:00:02,4056.54,4062.02,7.2,-5.48,-0.55,LOSS
390993180,GOLDmicro,SELL,0.1,2026-07-14 18:52:49,2026-07-14 19:11:15,4056.54,4056.63,18.4,-0.09,-0.01,BE
390993180,GOLDmicro,SELL,0.1,2026-07-14 18:57:20,2026-07-14 19:11:15,4058.1,4056.63,13.9,1.47,0.15,WIN
390993180,GOLDmicro,SELL,0.1,2026-07-14 18:57:20,2026-07-14 19:11:17,4058.1,4056.68,13.9,1.42,0.14,WIN
390993180,GOLDmicro,SELL,0.1,2026-07-14 18:58:20,2026-07-14 19:11:17,4059.23,4056.68,13.0,2.55,0.26,WIN
390993180,GOLDmicro,SELL,0.1,2026-07-14 18:58:20,2026-07-14 19:11:18,4059.23,4056.7,13.0,2.53,0.25,WIN
390993180,GOLDmicro,BUY,0.1,2026-07-14 19:11:18,2026-07-14 20:51:48,4056.7,4036.66,100.5,-20.04,-2.0,LOSS
390993180,GOLDmicro,BUY,0.1,2026-07-14 20:18:35,2026-07-14 20:51:48,4030.5,4036.66,33.2,6.16,0.62,WIN
390993180,GOLDmicro,BUY,0.1,2026-07-14 20:18:35,2026-07-15 11:55:41,4030.5,4061.84,937.1,31.34,3.13,WIN
390993180,GOLDmicro,SELL,0.1,2026-07-15 12:29:55,2026-07-15 13:04:36,4075.12,4061.81,34.7,13.31,1.33,WIN
390993180,USDJPYmicro,SELL,0.1,2026-07-15 16:31:14,2026-07-15 16:32:32,162.079,162.12,1.3,-0.041,-0.03,BE
390993180,USDJPYmicro,BUY,0.1,2026-07-15 16:32:38,2026-07-15 17:18:57,162.12,162.049,46.3,-0.071,-0.04,BE
390993180,USDJPYmicro,BUY,0.1,2026-07-15 17:14:54,2026-07-15 17:18:57,162.103,162.049,4.1,-0.054,-0.03,BE
390993180,USDJPYmicro,BUY,0.1,2026-07-15 17:14:54,2026-07-15 17:34:05,162.103,162.062,19.2,-0.041,-0.03,BE
390993180,USDJPYmicro,BUY,0.1,2026-07-15 17:33:55,2026-07-15 17:34:11,162.091,162.063,0.3,-0.028,-0.02,BE
390993180,GOLDmicro,BUY,0.1,2026-07-15 13:04:56,2026-07-15 22:29:12,4061.16,4033.31,564.3,-27.85,-2.78,LOSS
390993180,GOLDmicro,BUY,0.1,2026-07-15 22:25:27,2026-07-15 22:29:12,4033.48,4033.31,3.7,-0.17,-0.02,BE
390993180,GOLDmicro,BUY,0.1,2026-07-15 22:25:27,2026-07-15 22:32:08,4033.48,4034.73,6.7,1.25,0.12,WIN
390993180,GOLDmicro,SELL,0.1,2026-07-15 22:32:08,2026-07-15 22:32:43,4034.73,4034.14,0.6,0.59,0.06,WIN
390993180,GOLDmicro,BUY,0.1,2026-07-15 22:32:43,2026-07-15 22:34:06,4034.14,4032.79,1.4,-1.35,-0.13,LOSS
390993180,GOLDmicro,BUY,0.1,2026-07-15 22:33:50,2026-07-15 22:35:32,4032.93,4033.01,1.7,0.08,0.01,BE
390993180,GOLDmicro,SELL,0.1,2026-07-15 22:37:33,2026-07-15 22:38:30,4033.58,4033.72,0.9,-0.14,-0.01,BE
390993180,GOLDmicro,BUY,0.1,2026-07-15 22:39:42,2026-07-15 22:42:05,4033.94,4033.71,2.4,-0.23,-0.02,BE
390993180,GOLDmicro,BUY,0.1,2026-07-15 22:42:24,2026-07-16 09:25:41,4033.54,4013.57,643.3,-19.97,-2.0,LOSS
390993180,GOLDmicro,BUY,0.1,2026-07-16 07:35:08,2026-07-16 09:25:42,3993.14,4014.24,110.6,21.1,2.11,WIN
390993180,GOLDmicro,BUY,0.1,2026-07-16 07:37:03,2026-07-16 09:25:52,3990.37,4015.1,108.8,24.73,2.47,WIN
390993180,GOLDmicro,SELL,0.12,2026-07-16 09:25:52,2026-07-16 09:33:36,4015.1,4013.49,7.7,1.61,0.19,WIN
390993180,GOLDmicro,BUY,0.1,2026-07-16 09:33:36,2026-07-16 09:51:04,4013.49,4009.91,17.5,-3.58,-0.36,LOSS
390993180,GOLDmicro,SELL,0.12,2026-07-16 09:51:04,2026-07-16 10:21:58,4009.91,3988.98,30.9,20.93,2.51,WIN
390993180,GOLDmicro,BUY,0.1,2026-07-16 10:21:58,2026-07-16 13:34:20,3988.98,3975.08,192.4,-13.9,-1.39,LOSS
390993180,GOLDmicro,BUY,0.12,2026-07-16 11:08:18,2026-07-16 13:34:20,3989.32,3975.08,146.0,-14.24,-1.71,LOSS
390993180,GOLDmicro,BUY,0.1,2026-07-16 11:08:18,2026-07-16 18:45:36,3989.32,3982.95,457.3,-6.37,-0.64,LOSS
390993180,GOLDmicro,SELL,0.12,2026-07-16 18:45:36,2026-07-16 19:06:24,3982.95,3993.73,20.8,-10.78,-1.29,LOSS
390993180,GOLDmicro,BUY,0.1,2026-07-16 19:06:24,2026-07-17 08:32:54,3993.73,3994.17,806.5,0.44,0.04,BE
390993180,GOLDmicro,SELL,0.23,2026-07-17 08:32:54,2026-07-17 09:04:26,3994.17,4011.13,31.5,-16.96,-3.9,LOSS
390993180,EURUSDmicro,SELL,0.1,2026-02-06 08:30:53,2026-07-17 11:10:00,1.1815,1.14367,231999.1,0.0378,3.78,WIN
390993180,GOLDmicro,BUY,0.1,2026-07-17 09:04:26,2026-07-20 18:52:36,4011.13,4024.83,4908.2,13.7,1.37,WIN
390993180,GOLDmicro,SELL,0.23,2026-07-20 18:52:36,2026-07-20 20:36:36,4024.83,4045.35,104.0,-20.52,-4.72,LOSS
390993180,GOLDmicro,BUY,0.1,2026-07-20 20:36:36,2026-07-20 20:44:13,4045.35,4037.02,7.6,-8.33,-0.83,LOSS
390993180,GOLDmicro,BUY,0.1,2026-07-20 20:56:53,2026-07-20 21:00:00,4037.02,4037.74,3.1,0.72,0.07,WIN
390993180,USDJPYmicro,BUY,0.1,2026-07-20 21:45:04,2026-07-20 22:38:54,162.487,162.487,53.8,0.0,0.0,BE
390993180,GOLDmicro,BUY,0.1,2026-07-20 21:27:45,2026-07-20 22:41:03,4051.15,4045.42,73.3,-5.73,-0.57,LOSS
390993180,GOLDmicro,BUY,0.05,2026-07-20 22:29:56,2026-07-20 22:41:03,4044.62,4045.42,11.1,0.8,0.04,BE
390993180,GOLDmicro,BUY,0.1,2026-07-20 22:29:56,2026-07-20 23:25:33,4044.62,4054.31,55.6,9.69,0.97,WIN
390993180,GOLDmicro,SELL,0.05,2026-07-20 23:25:33,2026-07-21 00:11:14,4054.31,4069.01,45.7,-14.7,-0.74,LOSS
390993180,GOLDmicro,SELL,0.1,2026-07-20 23:31:51,2026-07-21 00:11:14,4056.77,4069.01,39.4,-12.24,-1.22,LOSS
390993180,GOLDmicro,SELL,0.05,2026-07-20 23:31:51,2026-07-21 00:11:17,4056.77,4069.55,39.4,-12.78,-0.64,LOSS
390993180,GOLDmicro,SELL,0.1,2026-07-20 23:33:20,2026-07-21 00:11:17,4059.66,4069.55,38.0,-9.89,-0.99,LOSS
390993180,GOLDmicro,SELL,0.05,2026-07-20 23:33:20,2026-07-21 00:11:17,4059.66,4070.24,38.0,-10.58,-0.53,LOSS
390993180,GOLDmicro,BUY,0.1,2026-07-21 00:11:17,2026-07-21 00:13:30,4070.24,4071.34,2.2,1.1,0.11,WIN
390993180,GOLDmicro,SELL,0.05,2026-07-21 00:13:30,2026-07-21 18:12:08,4071.34,4091.88,1078.6,-20.54,-1.03,LOSS
390993180,EURUSDmicro,SELL,0.1,2026-07-14 19:12:26,2026-07-23 00:40:03,1.14333,1.14265,11847.6,0.0007,0.07,WIN
390993180,GOLDmicro,BUY,0.1,2026-07-21 18:12:08,2026-07-23 01:24:20,4091.88,4107.07,1872.2,15.19,1.52,WIN
390993180,GOLDmicro,BUY,0.1,2026-07-23 01:11:00,2026-07-23 01:30:21,4107.24,4106.08,19.4,-1.16,-0.12,LOSS
390993180,GOLDmicro,BUY,0.1,2026-07-23 01:25:00,2026-07-23 01:42:22,4106.08,4097.65,17.4,-8.43,-0.84,LOSS
390993180,EURUSDmicro,SELL,0.1,2026-07-23 01:47:02,2026-07-23 01:50:00,1.14195,1.14248,3.0,-0.0005,-0.05,LOSS
390993180,GOLDmicro,BUY,0.1,2026-07-23 01:31:00,2026-07-23 05:04:00,4103.88,4090.58,213.0,-13.3,-1.33,LOSS
390993180,GOLDmicro,BUY,0.1,2026-07-23 03:27:00,2026-07-23 05:32:15,4090.63,4080.17,125.3,-10.46,-1.05,LOSS
390993180,GOLDmicro,BUY,0.1,2026-07-23 05:18:00,2026-07-23 06:24:36,4085.51,4070.53,66.6,-14.98,-1.5,LOSS
390993180,GOLDmicro,BUY,0.1,2026-07-23 06:17:00,2026-07-23 06:30:00,4076.38,4071.36,13.0,-5.02,-0.5,LOSS
390993180,GOLDmicro,BUY,0.1,2026-07-23 06:25:00,2026-07-23 06:36:23,4072.07,4070.18,11.4,-1.89,-0.19,LOSS
390993180,GOLDmicro,BUY,0.1,2026-07-23 06:32:00,2026-07-23 07:33:00,4070.18,4065.5,61.0,-4.68,-0.47,LOSS
390993180,GBPUSDmicro,SELL,0.1,2026-07-23 23:25:01,2026-07-23 23:31:17,1.33127,1.33171,6.3,-0.0004,-0.04,BE
390993180,USDJPYmicro,BUY,0.1,2026-07-23 22:15:10,2026-07-24 00:06:04,163.825,163.768,110.9,-0.057,-0.03,BE
390993180,GBPUSDmicro,SELL,0.1,2026-07-23 23:35:01,2026-07-24 00:19:05,1.33145,1.33189,44.1,-0.0004,-0.04,BE
390993180,EURUSDmicro,SELL,0.1,2026-07-23 02:17:03,2026-07-24 00:20:05,1.14158,1.13849,1323.0,0.0031,0.31,WIN
390993180,USDJPYmicro,BUY,0.1,2026-07-24 00:25:00,2026-07-24 01:03:29,163.795,163.729,38.5,-0.066,-0.04,BE
390993180,EURUSDmicro,SELL,0.1,2026-07-23 23:35:00,2026-07-24 01:03:48,1.13813,1.13896,88.8,-0.0008,-0.08,LOSS
390993180,GBPUSDmicro,SELL,0.1,2026-07-24 00:40:00,2026-07-24 01:08:22,1.33232,1.33319,28.4,-0.0009,-0.09,LOSS
390993180,EURUSDmicro,SELL,0.1,2026-07-24 00:30:00,2026-07-24 01:09:11,1.13844,1.13935,39.2,-0.0009,-0.09,LOSS
390993180,GOLDmicro,BUY,0.1,2026-07-23 07:48:45,2026-07-24 01:10:00,4050.28,4045.63,1041.2,-4.65,-0.47,LOSS
390993180,EURUSDmicro,SELL,0.1,2026-07-24 01:05:00,2026-07-24 01:26:46,1.13874,1.13991,21.8,-0.0012,-0.12,LOSS
390993180,GBPUSDmicro,SELL,0.1,2026-07-24 01:10:00,2026-07-24 01:31:02,1.33329,1.33447,21.0,-0.0012,-0.12,LOSS
390993180,EURUSDmicro,SELL,0.1,2026-07-24 01:10:00,2026-07-24 02:20:23,1.13925,1.13847,70.4,0.0008,0.08,WIN
390993180,GOLDmicro,BUY,0.1,2026-07-24 02:43:59,2026-07-24 02:50:00,4055.46,4054.38,6.0,-1.08,-0.11,LOSS
390993180,GBPUSDmicro,SELL,0.1,2026-07-24 01:35:00,2026-07-24 02:58:01,1.33396,1.33214,83.0,0.0018,0.18,WIN
390993180,GOLDmicro,BUY,0.1,2026-07-24 04:04:39,2026-07-24 04:05:00,4061.88,4059.71,0.4,-2.17,-0.22,LOSS
390993180,EURUSDmicro,SELL,0.1,2026-07-24 01:30:00,2026-07-24 05:38:46,1.13962,1.13807,248.8,0.0016,0.16,WIN
390993180,GOLDmicro,BUY,0.1,2026-07-24 05:58:46,2026-07-24 06:25:00,4055.41,4058.19,26.2,2.78,0.28,WIN
390993180,USDJPYmicro,BUY,0.1,2026-07-24 01:15:00,2026-07-24 06:48:28,163.708,163.835,333.5,0.127,0.08,WIN
390993180,GOLDmicro,BUY,0.1,2026-07-24 06:44:50,2026-07-24 07:40:00,4055.92,4056.08,55.2,0.16,0.02,BE
390993180,GOLDmicro,BUY,0.1,2026-07-24 07:45:33,2026-07-24 07:50:00,4052.5,4058.01,4.5,5.51,0.55,WIN
390993180,GBPUSDmicro,SELL,0.1,2026-07-24 07:50:00,2026-07-24 08:26:43,1.33197,1.33324,36.7,-0.0013,-0.13,LOSS
390993180,USDJPYmicro,BUY,0.1,2026-07-24 08:20:00,2026-07-24 08:38:44,163.82,163.749,18.7,-0.071,-0.04,BE
390993180,USDJPYmicro,BUY,0.1,2026-07-24 08:40:00,2026-07-24 08:49:21,163.8,163.72,9.3,-0.08,-0.05,BE
390993180,GBPUSDmicro,SELL,0.1,2026-07-24 08:30:01,2026-07-24 09:07:48,1.33249,1.33383,37.8,-0.0013,-0.13,LOSS
390993180,USDJPYmicro,BUY,0.1,2026-07-24 08:50:00,2026-07-24 09:15:07,163.735,163.652,25.1,-0.083,-0.05,LOSS
390993180,EURUSDmicro,SELL,0.1,2026-07-24 04:25:00,2026-07-24 09:15:08,1.13905,1.13908,290.1,-0.0,-0.0,BE
345807240,GOLD,BUY,0.01,2026-07-24 10:40:00,2026-07-24 12:20:18,4068.35,4059.11,100.3,-9.24,-9.24,LOSS
345807240,USDJPY,BUY,0.02,2026-07-24 09:20:13,2026-07-24 12:33:40,163.692,163.837,193.5,0.145,1.77,WIN
345807240,GBPUSD,SELL,0.01,2026-07-24 09:21:17,2026-07-24 14:06:19,1.33424,1.33223,285.0,0.002,2.01,WIN
345807240,GBPUSD,SELL,0.01,2026-07-24 09:21:17,2026-07-24 14:37:37,1.33424,1.33194,316.3,0.0023,2.3,WIN
345807240,USDJPY,BUY,0.02,2026-07-26 16:45:02,2026-07-26 18:00:01,163.701,163.586,75.0,-0.115,-1.41,LOSS
345807240,EURUSD,BUY,0.02,2026-07-14 11:20:01,2026-07-26 19:00:00,1.14208,1.14007,17740.0,-0.002,-4.02,LOSS
345807240,USDJPY,BUY,0.02,2026-07-26 18:15:00,2026-07-26 19:58:27,163.551,163.483,103.4,-0.068,-0.83,LOSS
345807240,USDJPY,BUY,0.02,2026-07-26 20:00:00,2026-07-27 01:21:32,163.492,163.408,321.5,-0.084,-1.03,LOSS
345807240,USDJPY,BUY,0.02,2026-07-27 01:25:00,2026-07-27 01:29:40,163.428,163.324,4.7,-0.104,-1.27,LOSS
345807240,GBPUSD,SELL,0.01,2026-07-26 16:15:01,2026-07-27 04:56:23,1.33455,1.3325,761.4,0.002,2.05,WIN
345807240,USDJPY,BUY,0.01,2026-07-27 01:40:00,2026-07-27 05:06:03,163.461,163.614,206.1,0.153,0.94,WIN
345807240,GBPUSD,SELL,0.01,2026-07-26 16:15:01,2026-07-27 05:06:11,1.33455,1.33154,771.2,0.003,3.01,WIN
345807240,USDJPY,BUY,0.01,2026-07-27 01:40:00,2026-07-27 06:11:13,163.461,163.656,271.2,0.195,1.19,WIN
345807240,GOLD,BUY,0.01,2026-07-27 06:25:00,2026-07-27 06:31:42,4083.54,4084.58,6.7,1.04,1.04,WIN
345807240,GOLD,BUY,0.01,2026-07-27 06:35:00,2026-07-27 07:28:40,4087.94,4078.0,53.7,-9.94,-9.94,LOSS
345807240,GOLD,BUY,0.01,2026-07-27 07:30:00,2026-07-27 07:32:06,4076.57,4078.32,2.1,1.75,1.75,WIN
345807240,GOLD,BUY,0.01,2026-07-27 08:00:00,2026-07-27 08:03:47,4074.83,4075.45,3.8,0.62,0.62,WIN
345807240,GOLD,BUY,0.01,2026-07-27 08:10:00,2026-07-27 10:14:18,4077.67,4080.63,124.3,2.96,2.96,WIN
345807240,USDJPY,BUY,0.02,2026-07-27 09:00:00,2026-07-27 10:20:37,163.722,163.635,80.6,-0.087,-1.06,LOSS
345807240,USDJPY,BUY,0.02,2026-07-27 10:25:00,2026-07-27 10:25:30,163.673,163.617,0.5,-0.056,-0.68,LOSS
345807240,USDJPY,BUY,0.02,2026-07-27 10:30:00,2026-07-27 10:37:27,163.639,163.581,7.5,-0.058,-0.71,LOSS
345807240,GBPUSD,SELL,0.02,2026-07-27 10:35:00,2026-07-27 11:04:18,1.33095,1.32948,29.3,0.0015,2.94,WIN
345807240,USDJPY,BUY,0.02,2026-07-27 10:40:00,2026-07-27 11:22:35,163.614,163.703,42.6,0.089,1.09,WIN
345807240,GOLD,BUY,0.01,2026-07-27 11:05:00,2026-07-27 13:21:40,4076.6,4084.91,136.7,8.31,8.31,WIN
345807240,USDJPY,BUY,0.02,2026-07-27 13:35:00,2026-07-27 15:00:54,163.728,163.633,85.9,-0.095,-1.16,LOSS
345807240,GBPUSD,SELL,0.02,2026-07-27 13:35:00,2026-07-27 15:02:04,1.32927,1.33081,87.1,-0.0015,-3.08,LOSS
345807240,GOLD,BUY,0.01,2026-07-27 14:25:00,2026-07-27 16:23:01,4080.56,4073.66,118.0,-6.9,-6.9,LOSS
345807240,USDJPY,BUY,0.02,2026-07-27 17:10:02,2026-07-27 18:03:28,163.743,163.796,53.4,0.053,0.65,WIN
345807240,GOLD,BUY,0.01,2026-07-27 16:25:00,2026-07-27 18:04:59,4072.91,4065.21,100.0,-7.7,-7.7,LOSS
345807240,GBPUSD,SELL,0.02,2026-07-27 18:40:00,2026-07-27 19:02:00,1.3292,1.32973,22.0,-0.0005,-1.06,LOSS
345807240,USDJPY,BUY,0.02,2026-07-27 19:00:00,2026-07-27 20:52:29,163.761,163.684,112.5,-0.077,-0.94,LOSS
345807240,GBPUSD,SELL,0.02,2026-07-28 00:40:00,2026-07-28 00:55:06,1.32929,1.33005,15.1,-0.0008,-1.52,LOSS
345807240,GBPUSD,SELL,0.02,2026-07-28 01:00:00,2026-07-28 01:26:15,1.32974,1.33059,26.3,-0.0009,-1.7,LOSS
345807240,USDJPY,BUY,0.02,2026-07-27 20:55:00,2026-07-28 02:18:11,163.713,163.801,323.2,0.088,1.07,WIN
345807240,GBPUSD,SELL,0.02,2026-07-28 01:30:00,2026-07-28 03:49:24,1.33019,1.32871,139.4,0.0015,2.96,WIN
345807240,USDJPY,BUY,0.02,2026-07-28 06:25:03,2026-07-28 06:27:37,163.912,163.875,2.6,-0.037,-0.45,LOSS
345807240,USDJPY,BUY,0.02,2026-07-28 06:35:01,2026-07-28 06:35:20,163.907,163.87,0.3,-0.037,-0.45,LOSS
345807240,GBPUSD,SELL,0.02,2026-07-28 06:35:00,2026-07-28 06:44:30,1.3287,1.32959,9.5,-0.0009,-1.78,LOSS
345807240,USDJPY,BUY,0.02,2026-07-28 06:40:03,2026-07-28 06:45:10,163.908,163.864,5.1,-0.044,-0.54,LOSS
345807240,GBPUSD,SELL,0.02,2026-07-28 06:45:00,2026-07-28 07:02:12,1.32926,1.33022,17.2,-0.001,-1.92,LOSS
345807240,USDJPY,BUY,0.02,2026-07-28 06:50:00,2026-07-28 07:49:21,163.873,163.831,59.3,-0.042,-0.51,LOSS
345807240,USDJPY,BUY,0.02,2026-07-28 07:50:00,2026-07-28 09:10:07,163.844,163.777,80.1,-0.067,-0.82,LOSS
345807240,USDJPY,BUY,0.02,2026-07-28 09:15:00,2026-07-28 09:20:10,163.762,163.686,5.2,-0.076,-0.93,LOSS
345807240,GBPUSD,SELL,0.02,2026-07-28 07:05:01,2026-07-28 09:20:27,1.32978,1.33082,135.4,-0.001,-2.08,LOSS
345807240,USDJPY,BUY,0.02,2026-07-28 09:25:00,2026-07-28 09:33:56,163.74,163.659,8.9,-0.081,-0.99,LOSS
345807240,EURUSD,BUY,0.01,2026-07-27 05:48:26,2026-07-28 11:00:00,1.13903,1.1395,1751.6,0.0005,0.47,WIN
345807240,EURUSD,BUY,0.01,2026-07-27 10:25:10,2026-07-28 11:00:00,1.1384,1.1395,1474.8,0.0011,1.1,WIN
345807240,GOLD,SELL,0.01,2026-07-28 09:55:00,2026-07-28 11:05:21,4046.02,4040.87,70.3,5.15,5.15,WIN
345807240,USDJPY,BUY,0.02,2026-07-28 09:35:00,2026-07-28 12:47:57,163.698,163.835,192.9,0.137,1.67,WIN
345807240,USDJPY,BUY,0.02,2026-07-28 18:20:00,2026-07-28 18:21:55,163.846,163.793,1.9,-0.053,-0.65,LOSS
345807240,USDJPY,BUY,0.02,2026-07-28 18:35:00,2026-07-28 18:39:07,163.824,163.777,4.1,-0.047,-0.57,LOSS
345807240,USDJPY,BUY,0.02,2026-07-28 18:40:00,2026-07-28 18:42:43,163.805,163.752,2.7,-0.053,-0.65,LOSS
345807240,USDJPY,BUY,0.02,2026-07-28 18:45:01,2026-07-28 18:53:00,163.779,163.723,8.0,-0.056,-0.68,LOSS
345807240,EURUSD,BUY,0.01,2026-07-28 16:24:51,2026-07-28 21:00:00,1.13849,1.13938,275.1,0.0009,0.89,WIN
345807240,EURUSD,BUY,0.01,2026-07-28 20:10:22,2026-07-28 21:00:00,1.1394,1.13938,49.6,-0.0,-0.02,BE
345807240,GOLD,SELL,0.01,2026-07-28 20:40:00,2026-07-28 21:08:24,4034.96,4032.2,28.4,2.76,2.76,WIN
345807240,USDJPY,BUY,0.02,2026-07-28 18:55:00,2026-07-28 21:38:33,163.698,163.621,163.6,-0.077,-0.94,LOSS
345807240,USDJPY,BUY,0.02,2026-07-28 21:40:01,2026-07-28 21:45:31,163.657,163.594,5.5,-0.063,-0.77,LOSS
345807240,USDJPY,BUY,0.02,2026-07-28 21:50:00,2026-07-28 22:12:39,163.606,163.538,22.7,-0.068,-0.83,LOSS
345807240,USDJPY,BUY,0.02,2026-07-28 22:15:00,2026-07-28 22:24:35,163.565,163.486,9.6,-0.079,-0.97,LOSS
345807240,USDJPY,BUY,0.02,2026-07-28 22:25:02,2026-07-28 22:35:55,163.505,163.417,10.9,-0.088,-1.08,LOSS
345807240,USDJPY,BUY,0.02,2026-07-28 22:40:00,2026-07-28 22:42:02,163.427,163.317,2.0,-0.11,-1.35,LOSS
345807240,USDJPY,BUY,0.01,2026-07-28 22:45:00,2026-07-28 22:48:14,163.314,163.466,3.2,0.152,0.93,WIN
345807240,USDJPY,BUY,0.01,2026-07-28 22:45:00,2026-07-28 22:48:14,163.314,163.514,3.2,0.2,1.22,WIN
345807240,GOLD,SELL,0.01,2026-07-28 23:45:00,2026-07-29 00:00:45,4039.04,4035.67,15.8,3.37,3.37,WIN
345807240,GOLD,SELL,0.01,2026-07-29 00:05:00,2026-07-29 01:12:56,4037.31,4046.77,67.9,-9.46,-9.46,LOSS
345807240,USDJPY,BUY,0.01,2026-07-28 22:55:00,2026-07-29 01:54:07,163.487,163.644,179.1,0.157,0.96,WIN
345807240,GOLD,SELL,0.01,2026-07-29 01:15:00,2026-07-29 02:46:44,4045.16,4040.06,91.7,5.1,5.1,WIN
345807240,USDJPY,BUY,0.01,2026-07-28 22:55:00,2026-07-29 03:34:22,163.487,163.497,279.4,0.01,0.06,WIN
345807240,USDJPY,BUY,0.02,2026-07-29 03:35:00,2026-07-29 04:01:03,163.522,163.626,26.1,0.104,1.27,WIN
345807240,GBPUSD,SELL,0.02,2026-07-28 09:25:01,2026-07-29 06:16:45,1.33009,1.32813,1251.7,0.002,3.92,WIN
345807240,GBPUSD,SELL,0.02,2026-07-29 07:50:00,2026-07-29 08:29:29,1.32901,1.33001,39.5,-0.001,-2.0,LOSS
345807240,GOLD,SELL,0.01,2026-07-29 11:05:00,2026-07-29 11:13:25,4036.78,4049.67,8.4,-12.89,-12.89,LOSS
345807240,GOLD,SELL,0.01,2026-07-29 11:15:00,2026-07-29 11:32:35,4041.99,4041.36,17.6,0.63,0.63,WIN
345807240,USDJPY,BUY,0.02,2026-07-29 11:15:00,2026-07-29 11:43:41,163.858,163.807,28.7,-0.051,-0.62,LOSS
345807240,USDJPY,BUY,0.02,2026-07-29 11:45:02,2026-07-29 11:46:18,163.834,163.78,1.3,-0.054,-0.66,LOSS
345807240,USDJPY,BUY,0.02,2026-07-29 11:50:00,2026-07-29 11:50:08,163.818,163.763,0.1,-0.055,-0.67,LOSS
345807240,GOLD,SELL,0.01,2026-07-29 11:35:00,2026-07-29 12:00:02,4038.47,4055.83,25.0,-17.36,-17.36,LOSS
345807240,GBPUSD,SELL,0.02,2026-07-29 08:30:00,2026-07-29 12:00:03,1.32969,1.33308,210.1,-0.0034,-6.78,LOSS
345807240,USDJPY,BUY,0.02,2026-07-29 16:50:00,2026-07-29 16:56:08,163.424,163.371,6.1,-0.053,-0.65,LOSS
345807240,USDJPY,BUY,0.02,2026-07-29 17:00:00,2026-07-29 17:00:57,163.404,163.35,0.9,-0.054,-0.66,LOSS
345807240,USDJPY,BUY,0.02,2026-07-29 17:15:00,2026-07-29 17:50:14,163.372,163.297,35.2,-0.075,-0.92,LOSS
345807240,GBPUSD,BUY,0.02,2026-07-29 18:20:00,2026-07-29 18:27:14,1.33633,1.33559,7.2,-0.0007,-1.48,LOSS
345807240,USDJPY,BUY,0.01,2026-07-29 18:20:00,2026-07-29 18:39:52,163.352,163.502,19.9,0.15,0.92,WIN
345807240,GOLD,BUY,0.01,2026-07-29 18:20:00,2026-07-29 18:43:33,4078.04,4066.64,23.5,-11.4,-11.4,LOSS
345807240,GOLD,BUY,0.01,2026-07-29 18:45:00,2026-07-29 19:00:20,4066.49,4070.05,15.3,3.56,3.56,WIN
345807240,USDJPY,BUY,0.01,2026-07-29 18:20:00,2026-07-29 19:22:58,163.352,163.516,63.0,0.164,1.0,WIN
345807240,GOLD,BUY,0.01,2026-07-29 19:15:00,2026-07-29 19:29:09,4075.91,4080.68,14.2,4.77,4.77,WIN
345807240,GBPUSD,BUY,0.02,2026-07-29 18:30:00,2026-07-29 20:18:42,1.3356,1.33481,108.7,-0.0008,-1.58,LOSS
345807240,GOLD,BUY,0.01,2026-07-29 20:40:00,2026-07-29 20:59:11,4076.91,4065.48,19.2,-11.43,-11.43,LOSS
345807240,GOLD,BUY,0.01,2026-07-29 21:00:00,2026-07-29 21:08:37,4064.06,4065.8,8.6,1.74,1.74,WIN
345807240,GBPUSD,BUY,0.02,2026-07-29 20:20:00,2026-07-29 21:11:07,1.33523,1.33444,51.1,-0.0008,-1.58,LOSS
345807240,GBPUSD,BUY,0.02,2026-07-29 21:15:00,2026-07-29 21:22:27,1.33466,1.33407,7.5,-0.0006,-1.18,LOSS
345807240,GOLD,BUY,0.01,2026-07-29 21:10:00,2026-07-29 21:28:04,4064.84,4052.42,18.1,-12.42,-12.42,LOSS
345807240,GOLD,BUY,0.01,2026-07-29 21:50:00,2026-07-29 22:58:26,4058.43,4044.86,68.4,-13.57,-13.57,LOSS
345807240,GBPUSD,BUY,0.02,2026-07-29 21:25:00,2026-07-29 23:46:28,1.33461,1.33551,141.5,0.0009,1.8,WIN
345807240,GOLD,BUY,0.01,2026-07-30 19:40:00,2026-07-30 19:48:09,4085.08,4085.54,8.2,0.46,0.46,WIN
345807240,GOLD,BUY,0.01,2026-07-30 19:50:00,2026-07-30 20:14:38,4084.35,4086.77,24.6,2.42,2.42,WIN
345807240,GOLD,BUY,0.01,2026-07-30 20:55:00,2026-07-30 22:48:10,4076.94,4077.6,113.2,0.66,0.66,WIN
345807240,GOLD,BUY,0.01,2026-07-31 01:35:00,2026-07-31 01:50:22,4070.03,4070.51,15.4,0.48,0.48,WIN
345807240,GOLD,BUY,0.01,2026-07-31 02:00:00,2026-07-31 02:24:47,4068.05,4060.25,24.8,-7.8,-7.8,LOSS
345807240,GBPUSD,BUY,0.02,2026-07-31 04:10:00,2026-07-31 05:30:23,1.34461,1.34318,80.4,-0.0014,-2.86,LOSS
345807240,GBPUSD,BUY,0.02,2026-07-31 05:35:00,2026-07-31 05:53:11,1.34285,1.34181,18.2,-0.001,-2.08,LOSS
345807240,USDJPY,SELL,0.02,2026-07-31 05:45:01,2026-07-31 06:19:22,160.156,160.369,34.4,-0.213,-2.66,LOSS
345807240,USDJPY,SELL,0.01,2026-07-31 06:20:00,2026-07-31 07:22:13,160.349,160.181,62.2,0.168,1.05,WIN
345807240,USDJPY,SELL,0.01,2026-07-31 06:20:00,2026-07-31 07:22:15,160.349,159.938,62.3,0.411,2.57,WIN
345807240,EURUSD,BUY,0.01,2026-07-29 05:43:33,2026-07-31 07:22:16,1.13837,1.14961,2978.7,0.0112,11.24,WIN
345807240,EURUSD,BUY,0.01,2026-07-29 07:28:56,2026-07-31 07:33:29,1.13878,1.14916,2884.6,0.0104,10.38,WIN
345807240,GBPUSD,BUY,0.02,2026-07-31 05:55:00,2026-07-31 07:37:02,1.34205,1.34082,102.0,-0.0012,-2.46,LOSS
345807240,EURUSD,BUY,0.01,2026-07-31 06:00:00,2026-07-31 08:28:12,1.14861,1.14778,148.2,-0.0008,-0.83,LOSS
345807240,GBPUSD,BUY,0.01,2026-07-31 07:40:00,2026-07-31 08:31:29,1.34045,1.34245,51.5,0.002,2.0,WIN
345807240,GBPUSD,BUY,0.01,2026-07-31 07:40:00,2026-07-31 08:37:18,1.34045,1.34339,57.3,0.0029,2.94,WIN
345807240,EURUSD,BUY,0.01,2026-07-31 06:00:00,2026-07-31 11:24:46,1.14861,1.15233,324.8,0.0037,3.72,WIN
345807240,GOLD,SELL,0.01,2026-07-31 08:30:00,2026-07-31 14:24:13,4038.72,4049.37,354.2,-10.65,-10.65,LOSS
345807240,GOLD,SELL,0.09,2026-07-31 13:13:30,2026-07-31 14:24:13,4047.81,4049.37,70.7,-1.56,-14.04,LOSS
345807240,GOLD,SELL,0.01,2026-07-31 13:13:30,2026-08-02 16:02:01,4047.81,4073.43,3048.5,-25.62,-25.62,LOSS
345807240,GOLD,SELL,0.1,2026-07-31 13:46:20,2026-08-02 16:02:01,4055.02,4073.43,3015.7,-18.41,-184.1,LOSS
345807240,GOLD,SELL,0.01,2026-08-02 20:05:00,2026-08-02 20:19:23,4059.28,4058.76,14.4,0.52,0.52,WIN
345807240,GOLD,SELL,0.01,2026-08-03 05:50:00,2026-08-03 06:20:00,4060.86,4051.27,30.0,9.59,9.59,WIN
345807240,GBPUSD,BUY,0.02,2026-08-03 11:51:57,2026-08-03 11:57:31,1.34232,1.34179,5.6,-0.0005,-1.06,LOSS
345807240,USDJPY,SELL,0.02,2026-08-03 12:00:00,2026-08-03 12:31:50,157.011,156.843,31.8,0.168,2.14,WIN
345807240,GBPUSD,BUY,0.02,2026-08-03 12:00:00,2026-08-03 12:51:34,1.34204,1.34296,51.6,0.0009,1.84,WIN
345807240,GOLD,SELL,0.01,2026-08-03 13:05:00,2026-08-03 13:23:11,4047.88,4052.16,18.2,-4.28,-4.28,LOSS
345807240,USDJPY,SELL,0.02,2026-08-03 13:55:00,2026-08-03 14:08:29,156.914,157.016,13.5,-0.102,-1.3,LOSS
345807240,USDJPY,SELL,0.02,2026-08-03 14:10:00,2026-08-03 14:15:05,157.001,157.079,5.1,-0.078,-0.99,LOSS
345807240,USDJPY,SELL,0.02,2026-08-03 14:20:00,2026-08-03 14:24:57,157.078,156.936,5.0,0.142,1.81,WIN
345807240,USDJPY,SELL,0.02,2026-08-03 14:25:00,2026-08-03 14:25:19,156.967,157.069,0.3,-0.102,-1.3,LOSS
345807240,GOLD,SELL,0.01,2026-08-03 13:25:00,2026-08-03 14:32:42,4052.92,4057.36,67.7,-4.44,-4.44,LOSS
345807240,USDJPY,SELL,0.02,2026-08-03 14:30:00,2026-08-03 16:02:30,157.17,157.302,92.5,-0.132,-1.68,LOSS
345807240,GOLD,SELL,0.01,2026-08-03 14:35:00,2026-08-03 16:06:12,4057.36,4050.69,91.2,6.67,6.67,WIN
345807240,USDJPY,SELL,0.02,2026-08-03 16:05:04,2026-08-03 16:14:02,157.354,157.433,9.0,-0.079,-1.0,LOSS
345807240,GOLD,SELL,0.01,2026-08-03 16:25:00,2026-08-03 17:06:25,4051.9,4055.39,41.4,-3.49,-3.49,LOSS
345807240,USDJPY,SELL,0.02,2026-08-03 16:20:00,2026-08-03 17:35:51,157.373,157.459,75.8,-0.086,-1.09,LOSS
345807240,USDJPY,SELL,0.02,2026-08-03 17:40:00,2026-08-03 17:46:02,157.496,157.612,6.0,-0.116,-1.47,LOSS
345807240,GBPUSD,BUY,0.02,2026-08-03 17:55:00,2026-08-03 17:55:13,1.34276,1.34249,0.2,-0.0003,-0.54,LOSS
345807240,GBPUSD,BUY,0.02,2026-08-03 18:00:00,2026-08-03 18:00:00,1.34283,1.34255,0.0,-0.0003,-0.56,LOSS
345807240,GOLD,SELL,0.01,2026-08-03 18:00:00,2026-08-03 18:00:20,4053.69,4056.66,0.3,-2.97,-2.97,LOSS
345807240,USDJPY,SELL,0.02,2026-08-03 17:50:00,2026-08-03 18:09:53,157.573,157.36,19.9,0.213,2.71,WIN
345807240,GOLD,SELL,0.01,2026-08-03 18:25:00,2026-08-03 18:59:47,4059.12,4049.6,34.8,9.52,9.52,WIN
345807240,GBPUSD,BUY,0.02,2026-08-03 19:00:00,2026-08-03 19:01:57,1.34254,1.34189,2.0,-0.0007,-1.3,LOSS
345807240,USDJPY,SELL,0.02,2026-08-03 18:50:00,2026-08-03 20:01:29,157.46,157.684,71.5,-0.224,-2.84,LOSS
345807240,USDJPY,SELL,0.01,2026-08-03 20:05:00,2026-08-03 21:35:14,157.707,157.452,90.2,0.255,1.62,WIN
345807240,GOLD,SELL,0.01,2026-08-03 19:45:00,2026-08-03 22:15:00,4059.02,4057.51,150.0,1.51,1.51,WIN
345807240,USDJPY,SELL,0.01,2026-08-03 20:05:00,2026-08-03 23:41:50,157.707,157.7,216.8,0.007,0.04,BE
345807240,GBPUSD,BUY,0.02,2026-08-03 19:05:00,2026-08-04 01:23:20,1.34232,1.34351,378.3,0.0012,2.38,WIN
345807240,USDJPY,SELL,0.02,2026-08-03 23:45:00,2026-08-04 01:39:20,157.692,157.802,114.3,-0.11,-1.39,LOSS
345807240,USDJPY,SELL,0.02,2026-08-04 01:40:00,2026-08-04 03:05:46,157.759,157.905,85.8,-0.146,-1.85,LOSS
345807240,USDJPY,SELL,0.02,2026-08-04 03:15:00,2026-08-04 03:51:28,157.877,157.971,36.5,-0.094,-1.19,LOSS
345807240,GOLD,SELL,0.01,2026-08-04 04:45:00,2026-08-04 04:45:15,4052.56,4056.98,0.3,-4.42,-4.42,LOSS
345807240,GOLD,SELL,0.01,2026-08-04 05:00:00,2026-08-04 05:14:04,4053.62,4058.71,14.1,-5.09,-5.09,LOSS
345807240,USDJPY,SELL,0.02,2026-08-04 03:55:01,2026-08-04 05:20:49,157.928,157.747,85.8,0.181,2.29,WIN
345807240,GOLD,SELL,0.01,2026-08-04 05:15:00,2026-08-04 05:30:59,4056.55,4062.13,16.0,-5.58,-5.58,LOSS
345807240,EURUSD,BUY,0.01,2026-07-31 08:00:00,2026-08-04 07:49:01,1.14677,1.15251,5749.0,0.0057,5.74,WIN
345807240,USDJPY,SELL,0.02,2026-08-04 08:40:00,2026-08-04 12:16:22,157.519,157.677,216.4,-0.158,-2.0,LOSS
345807240,USDJPY,SELL,0.02,2026-08-04 12:20:00,2026-08-04 13:03:40,157.653,157.725,43.7,-0.072,-0.91,LOSS
345807240,USDJPY,SELL,0.02,2026-08-04 13:05:00,2026-08-04 13:14:21,157.721,157.8,9.4,-0.079,-1.0,LOSS
345807240,USDJPY,SELL,0.02,2026-08-04 13:15:01,2026-08-04 18:22:20,157.781,157.636,307.3,0.145,1.84,WIN
345807240,GBPUSD,BUY,0.02,2026-08-04 07:00:00,2026-08-04 21:08:44,1.34441,1.34583,848.7,0.0014,2.84,WIN
345807240,USDJPY,SELL,0.02,2026-08-04 22:40:00,2026-08-04 22:48:02,157.522,157.612,8.0,-0.09,-1.14,LOSS
345807240,USDJPY,SELL,0.02,2026-08-04 22:50:01,2026-08-04 22:55:00,157.59,157.683,5.0,-0.093,-1.18,LOSS
345807240,GBPUSD,BUY,0.02,2026-08-04 22:55:00,2026-08-04 23:00:25,1.34558,1.34523,5.4,-0.0004,-0.7,LOSS
345807240,USDJPY,SELL,0.02,2026-08-04 23:00:00,2026-08-05 00:16:06,157.642,157.741,76.1,-0.099,-1.26,LOSS
345807240,GBPUSD,BUY,0.02,2026-08-04 23:05:00,2026-08-05 00:40:40,1.34531,1.34597,95.7,0.0007,1.32,WIN
345807240,USDJPY,SELL,0.02,2026-08-05 00:20:00,2026-08-05 02:14:58,157.705,157.801,115.0,-0.096,-1.22,LOSS
345807240,GBPUSD,BUY,0.02,2026-08-05 01:15:01,2026-08-05 05:12:08,1.34595,1.34737,237.1,0.0014,2.84,WIN
345807240,USDJPY,SELL,0.02,2026-08-05 02:15:00,2026-08-05 05:18:37,157.779,157.578,183.6,0.201,2.55,WIN
345807240,EURUSD,BUY,0.01,2026-07-31 08:00:00,2026-08-05 05:35:23,1.14677,1.15514,7055.4,0.0084,8.37,WIN
345807240,GBPUSD,BUY,0.02,2026-08-05 06:55:00,2026-08-05 07:45:51,1.3472,1.34629,50.9,-0.0009,-1.82,LOSS
345807240,GBPUSD,BUY,0.02,2026-08-05 07:50:00,2026-08-05 08:07:49,1.34633,1.34807,17.8,0.0017,3.48,WIN
345807240,GBPUSD,BUY,0.02,2026-08-05 09:15:00,2026-08-05 09:48:20,1.34709,1.34585,33.3,-0.0012,-2.48,LOSS
345807240,USDJPY,SELL,0.02,2026-08-05 08:55:00,2026-08-05 10:42:05,157.562,157.702,107.1,-0.14,-1.78,LOSS
345807240,USDJPY,SELL,0.02,2026-08-05 10:45:05,2026-08-05 10:55:19,157.672,157.746,10.2,-0.074,-0.94,LOSS
345807240,USDJPY,SELL,0.02,2026-08-05 11:00:00,2026-08-05 11:11:38,157.734,157.808,11.6,-0.074,-0.94,LOSS
345807240,USDJPY,SELL,0.02,2026-08-05 11:15:00,2026-08-05 14:18:20,157.756,157.829,183.3,-0.073,-0.93,LOSS
345807240,USDJPY,SELL,0.02,2026-08-05 14:25:00,2026-08-05 14:59:55,157.801,157.869,34.9,-0.068,-0.86,LOSS
345807240,USDJPY,SELL,0.02,2026-08-05 18:10:00,2026-08-05 18:20:03,157.674,157.732,10.0,-0.058,-0.74,LOSS
345807240,USDJPY,SELL,0.02,2026-08-05 18:25:00,2026-08-05 18:49:39,157.66,157.731,24.7,-0.071,-0.9,LOSS
345807240,USDJPY,SELL,0.02,2026-08-05 18:50:00,2026-08-06 00:11:49,157.706,157.789,321.8,-0.083,-1.05,LOSS
345807240,USDJPY,SELL,0.02,2026-08-06 00:15:03,2026-08-06 00:17:49,157.764,157.807,2.8,-0.043,-0.54,LOSS
345807240,USDJPY,SELL,0.02,2026-08-06 00:20:00,2026-08-06 00:23:15,157.775,157.818,3.3,-0.043,-0.54,LOSS
345807240,USDJPY,SELL,0.02,2026-08-06 00:25:00,2026-08-06 00:26:12,157.799,157.846,1.2,-0.047,-0.6,LOSS
345807240,USDJPY,SELL,0.02,2026-08-06 00:30:00,2026-08-06 00:31:00,157.807,157.856,1.0,-0.049,-0.62,LOSS
345807240,USDJPY,SELL,0.02,2026-08-06 00:35:00,2026-08-06 01:41:35,157.817,157.876,66.6,-0.059,-0.75,LOSS
345807240,USDJPY,SELL,0.02,2026-08-06 01:45:00,2026-08-06 05:05:48,157.848,157.921,200.8,-0.073,-0.92,LOSS
345807240,GOLD,BUY,0.01,2026-08-06 07:10:00,2026-08-06 07:24:13,4232.12,4242.29,14.2,10.17,10.17,WIN
345807240,GOLD,BUY,0.01,2026-08-06 07:25:00,2026-08-06 07:38:45,4243.27,4264.92,13.7,21.65,21.65,WIN
345807240,USDJPY,SELL,0.02,2026-08-06 05:10:00,2026-08-06 07:43:31,157.905,157.951,153.5,-0.046,-0.58,LOSS
345807240,GBPUSD,BUY,0.02,2026-08-05 09:50:00,2026-08-06 07:56:50,1.34585,1.34774,1326.8,0.0019,3.78,WIN
345807240,USDJPY,SELL,0.02,2026-08-06 07:45:00,2026-08-06 08:09:29,157.917,157.977,24.5,-0.06,-0.76,LOSS
345807240,USDJPY,SELL,0.02,2026-08-06 08:10:00,2026-08-06 08:10:43,158.138,158.261,0.7,-0.123,-1.55,LOSS
345807240,EURUSD,BUY,0.02,2026-08-03 11:52:02,2026-08-06 08:50:17,1.1505,1.15297,4138.2,0.0025,4.94,WIN
345807240,USDJPY,SELL,0.02,2026-08-06 08:20:00,2026-08-06 09:09:27,158.169,158.313,49.5,-0.144,-1.82,LOSS
345807240,GBPUSD,BUY,0.02,2026-08-06 09:05:00,2026-08-06 09:14:35,1.34652,1.34558,9.6,-0.0009,-1.88,LOSS
345807240,GBPUSD,BUY,0.02,2026-08-06 09:15:00,2026-08-06 09:36:38,1.3459,1.34492,21.6,-0.001,-1.96,LOSS
345807240,GOLD,BUY,0.01,2026-08-06 09:25:00,2026-08-06 09:53:17,4255.23,4244.45,28.3,-10.78,-10.78,LOSS
345807240,EURUSD,BUY,0.02,2026-08-06 03:00:00,2026-08-06 09:54:50,1.15442,1.15181,414.8,-0.0026,-5.22,LOSS
345807240,USDJPY,SELL,0.02,2026-08-06 09:10:00,2026-08-06 10:00:13,158.285,158.482,50.2,-0.197,-2.49,LOSS
345807240,GOLD,BUY,0.01,2026-08-06 09:55:00,2026-08-06 10:12:28,4235.24,4236.92,17.5,1.68,1.68,WIN
345807240,USDJPY,SELL,0.02,2026-08-06 10:05:00,2026-08-06 10:18:52,158.479,158.271,13.9,0.208,2.63,WIN
345807240,GOLD,BUY,0.01,2026-08-06 10:15:00,2026-08-06 11:22:35,4233.05,4238.62,67.6,5.57,5.57,WIN
345807240,GOLD,BUY,0.01,2026-08-06 11:25:00,2026-08-06 12:34:24,4240.5,4243.65,69.4,3.15,3.15,WIN
345807240,GOLD,BUY,0.01,2026-08-06 14:40:00,2026-08-06 14:45:11,4240.47,4234.6,5.2,-5.87,-5.87,LOSS
345807240,GBPUSD,BUY,0.02,2026-08-06 09:40:02,2026-08-06 15:07:13,1.34524,1.34387,327.2,-0.0014,-2.74,LOSS
345807240,GOLD,BUY,0.01,2026-08-06 14:50:00,2026-08-06 17:33:19,4236.76,4247.86,163.3,11.1,11.1,WIN
345807240,GBPUSD,BUY,0.02,2026-08-06 18:40:02,2026-08-06 18:40:13,1.3452,1.34491,0.2,-0.0003,-0.58,LOSS
345807240,GBPUSD,BUY,0.02,2026-08-06 18:45:01,2026-08-06 18:47:30,1.34519,1.34488,2.5,-0.0003,-0.62,LOSS
345807240,GBPUSD,BUY,0.02,2026-08-06 18:50:00,2026-08-06 18:52:35,1.34514,1.34483,2.6,-0.0003,-0.62,LOSS
345807240,GBPUSD,BUY,0.02,2026-08-06 18:55:00,2026-08-06 18:55:17,1.34507,1.34474,0.3,-0.0003,-0.66,LOSS
345807240,GBPUSD,BUY,0.02,2026-08-06 19:00:00,2026-08-06 19:03:08,1.34512,1.34476,3.1,-0.0004,-0.72,LOSS
345807240,GOLD,BUY,0.01,2026-08-06 18:45:00,2026-08-06 19:03:09,4235.09,4237.0,18.2,1.91,1.91,WIN
345807240,GBPUSD,BUY,0.02,2026-08-06 19:05:00,2026-08-07 01:35:00,1.34505,1.34462,390.0,-0.0004,-0.86,LOSS
345807240,GBPUSD,BUY,0.02,2026-08-07 01:40:00,2026-08-07 02:30:08,1.34483,1.3443,50.1,-0.0005,-1.06,LOSS
345807240,GBPUSD,BUY,0.02,2026-08-07 02:35:01,2026-08-07 02:56:33,1.34489,1.34437,21.5,-0.0005,-1.04,LOSS
345807240,GBPUSD,BUY,0.02,2026-08-07 03:00:00,2026-08-07 03:37:33,1.34441,1.34385,37.6,-0.0006,-1.12,LOSS
345807240,GBPUSD,BUY,0.02,2026-08-07 03:40:01,2026-08-07 04:43:43,1.34412,1.34347,63.7,-0.0007,-1.3,LOSS
345807240,GBPUSD,BUY,0.02,2026-08-07 04:45:00,2026-08-07 05:42:37,1.34357,1.34452,57.6,0.001,1.9,WIN
345807240,USDJPY,SELL,0.02,2026-08-06 10:20:00,2026-08-07 06:30:01,158.474,158.203,1210.0,0.271,3.43,WIN
345807240,EURUSD,BUY,0.01,2026-08-06 09:00:00,2026-08-07 06:30:03,1.15362,1.15443,1290.0,0.0008,0.81,WIN
345807240,EURUSD,BUY,0.01,2026-08-06 09:00:00,2026-08-07 06:30:19,1.15362,1.15588,1290.3,0.0023,2.26,WIN
345807240,USDJPY,SELL,0.01,2026-08-07 08:00:00,2026-08-07 09:42:22,157.724,157.464,102.4,0.26,1.65,WIN
345807240,USDJPY,SELL,0.01,2026-08-07 08:00:00,2026-08-07 12:13:58,157.724,157.608,254.0,0.116,0.74,WIN
345807240,USDJPY,SELL,0.02,2026-08-07 12:15:03,2026-08-07 14:07:51,157.576,157.658,112.8,-0.082,-1.04,LOSS
345807240,USDJPY,SELL,0.02,2026-08-07 14:20:00,2026-08-07 14:37:39,157.725,157.854,17.7,-0.129,-1.63,LOSS
345807240,USDJPY,SELL,0.02,2026-08-07 14:40:00,2026-08-09 16:44:05,157.841,157.952,3004.1,-0.111,-1.41,LOSS
345807240,USDJPY,SELL,0.02,2026-08-09 16:50:00,2026-08-09 19:02:13,157.917,157.992,132.2,-0.075,-0.95,LOSS
345807240,USDJPY,SELL,0.02,2026-08-09 19:05:00,2026-08-09 19:31:01,158.069,158.18,26.0,-0.111,-1.4,LOSS
345807240,USDJPY,SELL,0.02,2026-08-09 19:35:00,2026-08-09 19:41:07,158.125,158.232,6.1,-0.107,-1.35,LOSS
345807240,USDJPY,SELL,0.02,2026-08-09 19:45:00,2026-08-09 19:56:35,158.194,158.31,11.6,-0.116,-1.47,LOSS
345807240,USDJPY,SELL,0.02,2026-08-09 20:00:00,2026-08-09 23:20:01,158.263,158.396,200.0,-0.133,-1.68,LOSS
345807240,USDJPY,SELL,0.02,2026-08-09 23:25:00,2026-08-10 00:14:11,158.35,158.457,49.2,-0.107,-1.35,LOSS
345807240,USDJPY,SELL,0.02,2026-08-10 00:15:00,2026-08-10 01:20:11,158.404,158.487,65.2,-0.083,-1.05,LOSS
345807240,USDJPY,SELL,0.02,2026-08-10 01:25:01,2026-08-10 01:31:33,158.44,158.518,6.5,-0.078,-0.98,LOSS
345807240,USDJPY,SELL,0.02,2026-08-10 01:35:01,2026-08-10 02:33:48,158.493,158.575,58.8,-0.082,-1.03,LOSS
345807240,USDJPY,SELL,0.02,2026-08-10 02:35:00,2026-08-10 02:53:06,158.562,158.673,18.1,-0.111,-1.4,LOSS
345807240,USDJPY,SELL,0.02,2026-08-10 02:55:00,2026-08-10 03:36:06,158.663,158.77,41.1,-0.107,-1.35,LOSS
345807240,USDJPY,SELL,0.02,2026-08-10 03:40:00,2026-08-10 04:00:13,158.765,158.875,20.2,-0.11,-1.38,LOSS
345807240,USDJPY,SELL,0.02,2026-08-10 04:05:00,2026-08-10 06:07:18,158.852,158.68,122.3,0.172,2.17,WIN
345807240,USDJPY,SELL,0.02,2026-08-10 06:45:00,2026-08-10 07:45:32,158.849,159.006,60.5,-0.157,-1.97,LOSS
345807240,GBPUSD,BUY,0.02,2026-08-07 08:55:00,2026-08-10 08:06:38,1.34871,1.35118,4271.6,0.0025,4.94,WIN
345807240,GOLD,BUY,0.01,2026-08-10 07:55:00,2026-08-10 08:23:35,4323.6,4339.28,28.6,15.68,15.68,WIN
345807240,EURUSD,BUY,0.02,2026-08-06 10:00:00,2026-08-10 10:03:47,1.15217,1.15516,5763.8,0.003,5.98,WIN
390993180,BRENTCash,BUY,0.1,2026-08-10 12:53:03,2026-08-10 12:56:30,90.58,90.44,3.5,-0.14,-0.01,BE
390993180,EURUSDmicro,SELL,0.1,2026-07-24 09:10:03,2026-08-10 12:58:25,1.13819,1.15424,24708.4,-0.016,-1.6,LOSS
390993180,GBPUSDmicro,SELL,0.1,2026-07-24 09:15:00,2026-08-10 12:59:36,1.33416,1.35112,24704.6,-0.017,-1.7,LOSS
390993180,GBPUSDmicro,SELL,0.1,2026-08-10 13:00:17,2026-08-10 13:05:00,1.35069,1.35082,4.7,-0.0001,-0.01,BE
390993180,GBPUSDmicro,SELL,0.1,2026-08-10 14:59:55,2026-08-10 19:05:01,1.35,1.35079,245.1,-0.0008,-0.08,LOSS
390993180,GBPUSDmicro,SELL,0.1,2026-08-10 20:52:00,2026-08-10 20:55:00,1.35038,1.35061,3.0,-0.0002,-0.02,BE
390993180,GBPUSDmicro,SELL,0.1,2026-08-10 20:56:19,2026-08-10 21:00:00,1.35015,1.35058,3.7,-0.0004,-0.04,BE
390993180,GBPUSDmicro,SELL,0.1,2026-08-11 00:01:17,2026-08-11 00:20:00,1.35133,1.35091,18.7,0.0004,0.04,BE
390993180,GBPUSDmicro,SELL,0.1,2026-08-11 00:20:51,2026-08-11 00:25:00,1.35038,1.35056,4.1,-0.0002,-0.02,BE
390993180,GBPUSDmicro,SELL,0.1,2026-08-11 01:22:35,2026-08-11 01:25:00,1.35001,1.35008,2.4,-0.0001,-0.01,BE
390993180,GBPUSDmicro,SELL,0.1,2026-08-11 05:54:00,2026-08-11 05:55:00,1.34927,1.34954,1.0,-0.0003,-0.03,BE
390993180,GOLDmicro,BUY,0.1,2026-07-24 09:10:56,2026-08-11 10:07:11,4071.89,4378.72,25976.2,306.83,30.68,WIN
390993180,GBPUSDmicro,SELL,0.1,2026-08-11 08:45:03,2026-08-11 10:45:00,1.35079,1.35063,120.0,0.0002,0.02,BE
390993180,GBPUSDmicro,SELL,0.1,2026-08-11 11:08:14,2026-08-11 11:10:00,1.35004,1.35012,1.8,-0.0001,-0.01,BE
390993180,GBPUSDmicro,SELL,0.1,2026-08-11 11:16:04,2026-08-11 11:20:00,1.3496,1.35007,3.9,-0.0005,-0.05,BE
390993180,GBPUSDmicro,SELL,0.1,2026-08-11 12:16:41,2026-08-11 12:20:00,1.34959,1.3499,3.3,-0.0003,-0.03,BE
390993180,GOLDmicro,BUY,0.1,2026-08-11 09:45:00,2026-08-11 13:04:59,4376.29,4366.73,200.0,-9.56,-0.96,LOSS
390993180,GOLDmicro,BUY,0.1,2026-08-11 12:05:00,2026-08-11 13:36:02,4365.62,4368.52,91.0,2.9,0.29,WIN
390993180,GBPUSDmicro,SELL,0.1,2026-08-11 13:57:32,2026-08-11 14:30:00,1.35067,1.35063,32.5,0.0,0.0,BE
390993180,GBPUSDmicro,SELL,0.1,2026-08-11 14:30:06,2026-08-11 14:35:10,1.35034,1.35059,5.1,-0.0002,-0.02,BE
390993180,GBPUSDmicro,SELL,0.1,2026-08-11 14:44:25,2026-08-11 14:45:00,1.35031,1.35056,0.6,-0.0003,-0.03,BE
390993180,GBPUSDmicro,SELL,0.1,2026-08-11 14:45:02,2026-08-11 18:50:00,1.35028,1.35096,245.0,-0.0007,-0.07,LOSS
390993180,GBPUSDmicro,SELL,0.1,2026-08-11 18:52:00,2026-08-11 18:55:00,1.35065,1.35086,3.0,-0.0002,-0.02,BE
390993180,GBPUSDmicro,SELL,0.1,2026-08-11 19:00:54,2026-08-11 19:05:00,1.35054,1.35065,4.1,-0.0001,-0.01,BE
390993180,GBPUSDmicro,SELL,0.1,2026-08-11 19:10:18,2026-08-11 19:15:00,1.35028,1.35052,4.7,-0.0002,-0.02,BE
390993180,GBPUSDmicro,SELL,0.1,2026-08-11 19:18:00,2026-08-11 19:20:02,1.35015,1.35059,2.0,-0.0004,-0.04,BE
390993180,GBPUSDmicro,SELL,0.1,2026-08-11 19:26:09,2026-08-11 19:30:00,1.35021,1.35061,3.9,-0.0004,-0.04,BE
390993180,GBPUSDmicro,SELL,0.1,2026-08-11 20:14:33,2026-08-11 20:15:00,1.35024,1.35048,0.4,-0.0002,-0.02,BE
390993180,GBPUSDmicro,SELL,0.1,2026-08-11 20:17:57,2026-08-11 20:20:00,1.35011,1.35034,2.0,-0.0002,-0.02,BE
390993180,EURUSDmicro,BUY,0.1,2026-08-11 21:52:17,2026-08-11 22:12:33,1.15368,1.15334,20.3,-0.0003,-0.03,BE
390993180,GBPUSDmicro,SELL,0.1,2026-08-11 21:43:28,2026-08-11 22:15:00,1.35044,1.35064,31.5,-0.0002,-0.02,BE
390993180,GBPUSDmicro,BUY,15.86,2026-08-11 22:15:00,2026-08-11 22:15:55,1.35064,1.35026,0.9,-0.0004,-6.03,LOSS
390993180,GOLDmicro,BUY,0.1,2026-08-11 13:10:00,2026-08-12 21:59:28,4365.14,4398.61,1969.5,33.47,3.35,WIN
390993180,GOLDmicro,BUY,0.08,2026-08-12 20:41:05,2026-08-12 21:59:28,4407.53,4398.61,78.4,-8.92,-0.71,LOSS
390993180,GBPUSDmicro,SELL,0.1,2026-08-11 22:15:55,2026-08-12 22:05:02,1.35026,1.34905,1429.1,0.0012,0.12,WIN
390993180,GBPUSDmicro,BUY,9.43,2026-08-12 22:05:02,2026-08-12 22:11:23,1.34905,1.34869,6.3,-0.0004,-3.39,LOSS
390993180,GOLDmicro,BUY,0.1,2026-08-12 20:41:05,2026-08-12 23:12:26,4407.53,4399.55,151.4,-7.98,-0.8,LOSS
390993180,GOLDmicro,BUY,0.22,2026-08-12 22:10:00,2026-08-12 23:12:26,4396.24,4399.55,62.4,3.31,0.73,WIN
390993180,GOLDmicro,BUY,0.31,2026-08-12 22:10:00,2026-08-12 23:16:48,4396.24,4401.73,66.8,5.49,1.7,WIN
390993180,GOLDmicro,BUY,0.1,2026-08-12 22:10:00,2026-08-13 00:33:32,4396.24,4372.96,143.5,-23.28,-2.33,LOSS
390993180,GOLDmicro,BUY,0.12,2026-08-12 23:45:00,2026-08-13 00:33:32,4387.98,4372.96,48.5,-15.02,-1.8,LOSS
390993180,GOLDmicro,BUY,0.1,2026-08-12 23:45:00,2026-08-13 00:33:36,4387.98,4370.42,48.6,-17.56,-1.76,LOSS
390993180,GOLDmicro,BUY,0.1,2026-08-12 23:59:10,2026-08-13 01:13:21,4381.99,4375.85,74.2,-6.14,-0.61,LOSS
390993180,GOLDmicro,BUY,0.11,2026-08-13 00:45:00,2026-08-13 01:13:21,4374.37,4375.85,28.3,1.48,0.16,WIN
390993180,GOLDmicro,BUY,0.1,2026-08-13 00:45:00,2026-08-13 03:24:14,4374.37,4378.22,159.2,3.85,0.39,WIN
390993180,GOLDmicro,BUY,0.11,2026-08-13 01:25:00,2026-08-13 03:24:14,4376.87,4378.22,119.2,1.35,0.15,WIN
390993180,GOLDmicro,BUY,0.1,2026-08-13 01:25:00,2026-08-13 07:51:23,4376.87,4373.78,386.4,-3.09,-0.31,LOSS
390993180,GOLDmicro,BUY,0.11,2026-08-13 07:25:00,2026-08-13 07:51:23,4388.38,4373.78,26.4,-14.6,-1.61,LOSS
390993180,GOLDmicro,BUY,0.1,2026-08-13 07:25:00,2026-08-13 18:37:14,4388.38,4341.56,672.2,-46.82,-4.68,LOSS
390993180,GOLDmicro,BUY,0.15,2026-08-13 18:27:08,2026-08-13 18:37:14,4341.59,4341.56,10.1,-0.03,-0.0,BE
390993180,GOLDmicro,BUY,0.1,2026-08-13 18:27:08,2026-08-13 19:19:01,4341.59,4318.17,51.9,-23.42,-2.34,LOSS
390993180,GOLDmicro,BUY,0.36,2026-08-13 19:13:25,2026-08-13 19:19:01,4325.45,4318.17,5.6,-7.28,-2.62,LOSS
390993180,GOLDmicro,BUY,0.1,2026-08-13 19:13:25,2026-08-13 19:20:10,4325.45,4319.96,6.8,-5.49,-0.55,LOSS
390993180,GOLDmicro,BUY,0.15,2026-08-13 19:16:41,2026-08-13 19:20:10,4323.03,4319.96,3.5,-3.07,-0.46,LOSS
390993180,GOLDmicro,BUY,0.2,2026-08-13 19:16:41,2026-08-13 19:22:05,4323.03,4321.96,5.4,-1.07,-0.21,LOSS
390993180,GOLDmicro,BUY,0.11,2026-08-13 19:16:41,2026-08-13 19:24:23,4323.03,4317.21,7.7,-5.82,-0.64,LOSS
390993180,GOLDmicro,BUY,0.25,2026-08-13 19:19:01,2026-08-13 19:24:23,4318.75,4317.21,5.4,-1.54,-0.38,LOSS
390993180,GOLDmicro,BUY,0.1,2026-08-13 19:20:51,2026-08-13 19:24:23,4321.48,4317.21,3.5,-4.27,-0.43,LOSS
390993180,GOLDmicro,BUY,0.1,2026-08-13 19:20:51,2026-08-13 19:48:04,4321.48,4315.16,27.2,-6.32,-0.63,LOSS
390993180,GOLDmicro,BUY,0.1,2026-08-13 19:28:23,2026-08-13 19:48:04,4319.58,4315.16,19.7,-4.42,-0.44,LOSS
390993180,GOLDmicro,BUY,0.1,2026-08-13 19:28:23,2026-08-13 19:48:07,4319.58,4315.13,19.7,-4.45,-0.44,LOSS
390993180,GOLDmicro,BUY,0.1,2026-08-13 19:30:21,2026-08-13 19:48:07,4316.4,4315.13,17.8,-1.27,-0.13,LOSS
390993180,GOLDmicro,BUY,0.1,2026-08-13 19:30:21,2026-08-13 19:48:09,4316.4,4314.8,17.8,-1.6,-0.16,LOSS
390993180,GOLDmicro,BUY,0.1,2026-08-13 19:33:49,2026-08-13 19:48:09,4314.26,4314.8,14.3,0.54,0.05,WIN
390993180,GOLDmicro,BUY,0.1,2026-08-13 19:33:49,2026-08-13 19:52:32,4314.26,4312.66,18.7,-1.6,-0.16,LOSS
390993180,GOLDmicro,BUY,0.2,2026-08-13 19:48:45,2026-08-13 19:52:32,4315.63,4312.66,3.8,-2.97,-0.59,LOSS
390993180,GOLDmicro,BUY,0.16,2026-08-13 19:52:32,2026-08-13 19:52:32,4313.57,4312.66,0.0,-0.91,-0.15,LOSS
390993180,GOLDmicro,BUY,0.2,2026-08-13 19:52:32,2026-08-13 19:57:08,4313.57,4318.49,4.6,4.92,0.98,WIN
390993180,GOLDmicro,BUY,0.1,2026-08-13 19:52:32,2026-08-13 20:18:13,4313.57,4314.47,25.7,0.9,0.09,WIN
390993180,GOLDmicro,BUY,0.23,2026-08-13 20:14:25,2026-08-13 20:18:13,4312.18,4314.47,3.8,2.29,0.53,WIN
390993180,GOLDmicro,BUY,0.1,2026-08-13 20:14:25,2026-08-13 22:12:49,4312.18,4325.95,118.4,13.77,1.38,WIN
390993180,GOLDmicro,BUY,0.1,2026-08-13 22:05:03,2026-08-13 22:28:48,4323.23,4325.33,23.8,2.1,0.21,WIN
390993180,GOLDmicro,BUY,0.1,2026-08-13 22:05:03,2026-08-13 23:38:05,4323.23,4321.8,93.0,-1.43,-0.14,LOSS
390993180,GOLDmicro,BUY,0.1,2026-08-13 23:25:00,2026-08-13 23:39:12,4318.83,4321.17,14.2,2.34,0.23,WIN
390993180,GOLDmicro,BUY,0.1,2026-08-13 23:25:00,2026-08-14 12:45:26,4318.83,4373.8,800.4,54.97,5.5,WIN
390993180,GOLDmicro,BUY,0.1,2026-08-14 12:10:19,2026-08-14 13:55:05,4380.23,4376.6,104.8,-3.63,-0.36,LOSS
390993180,GOLDmicro,BUY,0.1,2026-08-14 12:51:20,2026-08-17 06:58:08,4374.13,4385.83,3966.8,11.7,1.17,WIN
390993180,GOLDmicro,BUY,0.1,2026-08-17 06:38:00,2026-08-17 06:59:39,4383.81,4383.91,21.7,0.1,0.01,BE
390993180,GOLDmicro,BUY,0.1,2026-08-17 06:38:00,2026-08-17 07:18:51,4383.81,4385.16,40.8,1.35,0.13,WIN
390993180,GOLDmicro,BUY,0.1,2026-08-17 07:16:00,2026-08-17 07:23:11,4382.91,4386.1,7.2,3.19,0.32,WIN
390993180,GOLDmicro,BUY,0.1,2026-08-17 07:16:00,2026-08-17 07:35:11,4382.91,4388.93,19.2,6.02,0.6,WIN
390993180,GOLDmicro,BUY,0.1,2026-08-17 07:36:45,2026-08-17 07:38:49,4388.87,4391.54,2.1,2.67,0.27,WIN
390993180,GOLDmicro,BUY,0.1,2026-08-17 07:41:51,2026-08-17 08:24:23,4388.02,4425.38,42.5,37.36,3.74,WIN
390993180,GOLDmicro,SELL,0.36,2026-08-17 08:24:23,2026-08-17 08:30:15,4425.38,4420.33,5.9,5.05,1.82,WIN
390993180,GOLDmicro,BUY,0.1,2026-08-17 08:30:15,2026-08-17 08:34:59,4420.33,4422.02,4.7,1.69,0.17,WIN
390993180,GOLDmicro,SELL,0.36,2026-08-17 08:34:59,2026-08-17 08:40:09,4422.02,4419.63,5.2,2.39,0.86,WIN
390993180,GOLDmicro,BUY,0.1,2026-08-17 08:40:09,2026-08-17 08:41:35,4419.63,4421.0,1.4,1.37,0.14,WIN
390993180,GOLDmicro,SELL,0.1,2026-08-17 08:41:35,2026-08-17 08:48:09,4421.0,4416.98,6.6,4.02,0.4,WIN
390993180,GOLDmicro,BUY,0.1,2026-08-17 08:48:09,2026-08-17 08:51:16,4416.98,4419.52,3.1,2.54,0.25,WIN
390993180,GOLDmicro,SELL,0.1,2026-08-17 08:51:16,2026-08-17 09:04:33,4419.52,4419.42,13.3,0.1,0.01,BE
390993180,GOLDmicro,BUY,0.1,2026-08-17 09:04:33,2026-08-17 09:11:17,4419.42,4420.0,6.7,0.58,0.06,WIN
390993180,GOLDmicro,SELL,0.1,2026-08-17 09:11:17,2026-08-17 09:46:25,4420.0,4420.01,35.1,-0.01,-0.0,BE
390993180,GOLDmicro,BUY,0.1,2026-08-17 09:46:25,2026-08-17 10:09:55,4420.01,4427.18,23.5,7.17,0.72,WIN
390993180,GOLDmicro,BUY,0.1,2026-08-17 10:38:33,2026-08-17 10:40:00,4427.13,4426.39,1.4,-0.74,-0.07,LOSS
390993180,GOLDmicro,SELL,0.1,2026-08-17 10:40:00,2026-08-17 11:02:47,4426.39,4426.3,22.8,0.09,0.01,BE
390993180,US30Cash,BUY,0.1,2026-08-17 11:40:49,2026-08-17 11:43:41,53417.06,53437.29,2.9,20.23,2.02,WIN
390993180,GOLDmicro,BUY,0.1,2026-08-17 11:02:47,2026-08-17 11:43:56,4426.3,4415.05,41.2,-11.25,-1.12,LOSS
390993180,GOLDmicro,SELL,0.1,2026-08-17 11:43:56,2026-08-17 12:15:10,4415.05,4415.06,31.2,-0.01,-0.0,BE
390993180,GOLDmicro,SELL,0.1,2026-08-17 11:46:08,2026-08-17 12:15:10,4420.11,4415.06,29.0,5.05,0.5,WIN
390993180,BTCUSD,SELL,0.01,2026-08-17 09:54:17,2026-08-17 12:17:54,64205.45,64469.2,143.6,-263.75,-2.64,LOSS
390993180,GOLDmicro,SELL,0.1,2026-08-17 11:46:08,2026-08-17 12:35:56,4420.11,4402.31,49.8,17.8,1.78,WIN
390993180,EURUSDmicro,SELL,0.1,2026-08-12 11:43:59,2026-08-17 13:29:04,1.15231,1.15796,7305.1,-0.0057,-0.57,LOSS
390993180,EURUSDmicro,BUY,0.49,2026-08-17 13:29:04,2026-08-17 13:53:04,1.15796,1.15782,24.0,-0.0001,-0.07,LOSS
390993180,EURUSDmicro,SELL,0.1,2026-08-17 13:53:04,2026-08-17 18:30:03,1.15782,1.15805,277.0,-0.0002,-0.02,BE
390993180,EURUSDmicro,BUY,5.22,2026-08-17 18:30:03,2026-08-17 18:32:15,1.15805,1.15775,2.2,-0.0003,-1.57,LOSS
390993180,EURUSDmicro,SELL,0.1,2026-08-17 18:32:15,2026-08-17 18:50:00,1.15775,1.15816,17.8,-0.0004,-0.04,BE
390993180,EURUSDmicro,BUY,2.02,2026-08-17 18:50:00,2026-08-17 19:11:09,1.15816,1.15836,21.1,0.0002,0.4,WIN
390993180,EURUSDmicro,BUY,1.91,2026-08-17 18:50:00,2026-08-17 19:15:52,1.15816,1.15826,25.9,0.0001,0.19,WIN
390993180,EURUSDmicro,SELL,0.1,2026-08-17 19:15:52,2026-08-17 19:50:03,1.15826,1.15807,34.2,0.0002,0.02,BE
390993180,GBPUSDmicro,SELL,0.1,2026-08-12 22:11:23,2026-08-17 20:00:00,1.34869,1.35475,7068.6,-0.0061,-0.61,LOSS
390993180,EURUSDmicro,BUY,3.1,2026-08-17 19:50:03,2026-08-17 20:11:50,1.15807,1.15757,21.8,-0.0005,-1.55,LOSS
390993180,GBPUSDmicro,BUY,2.87,2026-08-17 20:00:00,2026-08-17 20:16:24,1.35475,1.3542,16.4,-0.0005,-1.58,LOSS
390993180,GOLDmicro,BUY,0.1,2026-08-17 12:35:56,2026-08-17 20:21:41,4402.31,4402.69,465.7,0.38,0.04,BE
390993180,EURUSDmicro,SELL,0.1,2026-08-17 20:11:50,2026-08-17 20:25:00,1.15757,1.15776,13.2,-0.0002,-0.02,BE
390993180,EURUSDmicro,BUY,1.56,2026-08-17 20:25:00,2026-08-17 20:54:49,1.15776,1.15787,29.8,0.0001,0.17,WIN
390993180,EURUSDmicro,BUY,1.47,2026-08-17 20:25:00,2026-08-17 21:00:26,1.15776,1.15784,35.4,0.0001,0.12,WIN
390993180,EURUSDmicro,SELL,0.1,2026-08-17 21:00:26,2026-08-17 21:03:00,1.15784,1.15792,2.6,-0.0001,-0.01,BE
390993180,EURUSDmicro,BUY,11.88,2026-08-17 21:03:00,2026-08-17 21:15:02,1.15792,1.15761,12.0,-0.0003,-3.68,LOSS
390993180,GOLDmicro,BUY,0.1,2026-08-17 20:05:00,2026-08-17 22:19:01,4402.62,4391.05,134.0,-11.57,-1.16,LOSS
390993180,GOLDmicro,BUY,0.1,2026-08-17 22:05:00,2026-08-18 00:00:37,4391.06,4391.21,115.6,0.15,0.01,BE
390993180,GOLDmicro,BUY,0.23,2026-08-17 23:38:49,2026-08-18 00:00:37,4391.14,4391.21,21.8,0.07,0.02,BE
390993180,GOLDmicro,BUY,0.1,2026-08-17 23:38:49,2026-08-18 00:09:51,4391.14,4393.13,31.0,1.99,0.2,WIN
390993180,GOLDmicro,BUY,0.23,2026-08-18 00:01:24,2026-08-18 00:09:51,4390.91,4393.13,8.5,2.22,0.51,WIN
390993180,GOLDmicro,BUY,0.1,2026-08-18 00:01:24,2026-08-18 00:09:58,4390.91,4392.72,8.6,1.81,0.18,WIN
390993180,GOLDmicro,BUY,0.27,2026-08-18 00:05:45,2026-08-18 00:09:58,4389.97,4392.72,4.2,2.75,0.74,WIN
390993180,GOLDmicro,BUY,0.1,2026-08-18 00:05:45,2026-08-18 02:06:27,4389.97,4391.01,120.7,1.04,0.1,WIN
390993180,GOLDmicro,BUY,0.23,2026-08-18 00:06:17,2026-08-18 02:06:27,4388.81,4391.01,120.2,2.2,0.51,WIN
390993180,GOLDmicro,BUY,0.1,2026-08-18 00:06:17,2026-08-18 13:51:56,4388.81,4342.16,825.6,-46.65,-4.67,LOSS
390993180,GOLDmicro,BUY,0.02,2026-08-18 09:00:00,2026-08-18 13:51:56,4366.95,4342.16,291.9,-24.79,-0.5,LOSS
390993180,GOLDmicro,BUY,0.1,2026-08-18 09:00:00,2026-08-18 19:02:21,4366.95,4324.8,602.4,-42.15,-4.21,LOSS
390993180,GOLDmicro,BUY,0.1,2026-08-18 12:07:00,2026-08-18 19:02:21,4354.59,4324.8,415.3,-29.79,-2.98,LOSS
390993180,GOLDmicro,BUY,0.2,2026-08-18 12:07:00,2026-08-18 19:36:40,4354.59,4351.15,449.7,-3.44,-0.69,LOSS
390993180,GOLDmicro,BUY,0.03,2026-08-18 12:07:00,2026-08-18 23:52:29,4354.59,4335.43,705.5,-19.16,-0.57,LOSS
390993180,GOLDmicro,BUY,0.17,2026-08-18 16:15:00,2026-08-18 23:52:29,4340.9,4335.43,457.5,-5.47,-0.93,LOSS
390993180,GOLDmicro,BUY,0.03,2026-08-18 16:15:00,2026-08-19 02:02:17,4340.9,4351.35,587.3,10.45,0.31,WIN
390993180,GOLDmicro,BUY,0.07,2026-08-18 22:30:00,2026-08-19 02:02:17,4351.63,4351.35,212.3,-0.28,-0.02,BE
390993180,GOLDmicro,BUY,0.03,2026-08-18 22:30:00,2026-08-19 09:25:53,4351.63,4480.32,655.9,128.69,3.86,WIN
390993180,GOLDmicro,BUY,0.07,2026-08-18 22:34:35,2026-08-19 09:25:53,4350.59,4480.32,651.3,129.73,9.08,WIN
390993180,GOLDmicro,BUY,0.1,2026-08-18 22:34:35,2026-08-20 06:01:40,4350.59,4460.11,1887.1,109.52,10.95,WIN
390993180,GOLDmicro,BUY,0.03,2026-08-18 22:34:35,2026-08-20 06:20:44,4350.59,4463.0,1906.2,112.41,3.37,WIN
390993180,GOLDmicro,BUY,0.07,2026-08-19 01:00:24,2026-08-20 06:20:44,4350.43,4463.0,1760.3,112.57,7.88,WIN
390993180,GOLDmicro,BUY,0.1,2026-08-19 01:00:24,2026-08-20 07:12:33,4350.43,4472.21,1812.2,121.78,12.18,WIN
390993180,GOLDmicro,BUY,0.03,2026-08-19 01:00:24,2026-08-20 09:01:27,4350.43,4523.11,1921.1,172.68,5.18,WIN
390993180,GOLDmicro,BUY,0.07,2026-08-19 10:00:32,2026-08-20 09:01:27,4495.36,4523.11,1380.9,27.75,1.94,WIN
390993180,EURUSDmicro,SELL,0.1,2026-08-17 21:15:02,2026-08-20 21:50:06,1.15761,1.16929,4355.1,-0.0117,-1.17,LOSS
390993180,USDJPYmicro,SELL,1.43,2026-08-20 21:35:00,2026-08-20 21:56:05,159.039,159.018,21.1,0.021,0.19,WIN
390993180,USDJPYmicro,SELL,1.42,2026-08-20 21:35:00,2026-08-20 22:26:05,159.039,159.029,51.1,0.01,0.09,WIN
390993180,USDJPYmicro,SELL,1.47,2026-08-20 22:40:00,2026-08-20 22:58:27,159.025,159.003,18.5,0.022,0.2,WIN
390993180,USDJPYmicro,SELL,1.47,2026-08-20 22:40:00,2026-08-20 22:58:35,159.025,159.016,18.6,0.009,0.08,WIN
390993180,EURUSDmicro,BUY,1.05,2026-08-20 21:50:06,2026-08-20 23:38:20,1.16929,1.1695,108.2,0.0002,0.22,WIN
390993180,EURUSDmicro,BUY,0.95,2026-08-20 21:50:06,2026-08-20 23:41:16,1.16929,1.16938,111.2,0.0001,0.09,WIN
390993180,USDJPYmicro,SELL,1.17,2026-08-21 00:25:00,2026-08-21 00:35:27,158.949,158.916,10.5,0.033,0.24,WIN
390993180,USDJPYmicro,SELL,1.18,2026-08-21 00:25:00,2026-08-21 00:37:27,158.949,158.941,12.5,0.008,0.06,WIN
390993180,USDJPYmicro,SELL,1.24,2026-08-21 04:55:01,2026-08-21 05:22:26,158.699,158.639,27.4,0.06,0.47,WIN
390993180,USDJPYmicro,SELL,1.23,2026-08-21 04:55:01,2026-08-21 05:23:13,158.699,158.689,28.2,0.01,0.08,WIN
390993180,USDJPYmicro,SELL,0.85,2026-08-21 05:55:00,2026-08-21 06:01:36,158.69,158.648,6.6,0.042,0.23,WIN
390993180,USDJPYmicro,SELL,0.84,2026-08-21 05:55:00,2026-08-21 06:02:29,158.69,158.68,7.5,0.01,0.05,WIN
390993180,EURUSDmicro,SELL,0.1,2026-08-20 23:41:16,2026-08-21 06:40:00,1.16938,1.16863,418.7,0.0008,0.08,WIN
390993180,EURUSDmicro,BUY,0.72,2026-08-21 06:40:00,2026-08-21 06:42:15,1.16863,1.16885,2.2,0.0002,0.16,WIN
390993180,USDJPYmicro,SELL,0.88,2026-08-21 06:40:00,2026-08-21 06:42:20,158.822,158.783,2.3,0.039,0.22,WIN
390993180,EURUSDmicro,BUY,0.61,2026-08-21 06:40:00,2026-08-21 06:48:37,1.16863,1.16873,8.6,0.0001,0.06,WIN
390993180,USDJPYmicro,SELL,0.87,2026-08-21 06:40:00,2026-08-21 06:52:14,158.822,158.812,12.2,0.01,0.05,WIN
390993180,EURUSDmicro,SELL,0.1,2026-08-21 06:48:37,2026-08-21 06:55:01,1.16873,1.169,6.4,-0.0003,-0.03,BE
390993180,EURUSDmicro,BUY,1.56,2026-08-21 06:55:01,2026-08-21 07:25:01,1.169,1.16806,30.0,-0.0009,-1.47,LOSS
390993180,USDJPYmicro,SELL,1.94,2026-08-21 06:50:00,2026-08-21 07:32:01,158.761,158.884,42.0,-0.123,-1.5,LOSS
390993180,EURUSDmicro,SELL,0.1,2026-08-21 07:25:01,2026-08-21 07:40:00,1.16806,1.16827,15.0,-0.0002,-0.02,BE
390993180,USDJPYmicro,SELL,0.99,2026-08-21 07:50:01,2026-08-21 07:53:31,158.848,158.813,3.5,0.035,0.22,WIN
390993180,USDJPYmicro,SELL,0.98,2026-08-21 07:50:01,2026-08-21 08:01:12,158.848,158.838,11.2,0.01,0.06,WIN
390993180,EURUSDmicro,BUY,1.35,2026-08-21 07:40:00,2026-08-21 08:28:41,1.16827,1.16726,48.7,-0.001,-1.36,LOSS
390993180,USDJPYmicro,SELL,1.84,2026-08-21 08:10:02,2026-08-21 08:35:00,158.857,158.983,25.0,-0.126,-1.46,LOSS
390993180,EURUSDmicro,SELL,0.1,2026-08-21 08:28:41,2026-08-21 08:40:00,1.16726,1.16712,11.3,0.0001,0.01,BE
390993180,EURUSDmicro,BUY,0.38,2026-08-21 08:40:00,2026-08-21 08:49:21,1.16712,1.16735,9.4,0.0002,0.09,WIN
390993180,USDJPYmicro,SELL,0.95,2026-08-21 08:45:00,2026-08-21 08:50:17,158.968,158.933,5.3,0.035,0.21,WIN
390993180,EURUSDmicro,BUY,0.27,2026-08-21 08:40:00,2026-08-21 08:52:46,1.16712,1.16722,12.8,0.0001,0.03,BE
390993180,USDJPYmicro,SELL,0.95,2026-08-21 08:45:00,2026-08-21 08:52:48,158.968,158.959,7.8,0.009,0.05,WIN
390993180,EURUSDmicro,SELL,0.1,2026-08-21 08:52:46,2026-08-21 09:00:00,1.16722,1.16739,7.2,-0.0002,-0.02,BE
390993180,EURUSDmicro,BUY,0.71,2026-08-21 09:00:00,2026-08-21 09:29:42,1.16739,1.16764,29.7,0.0003,0.18,WIN
390993180,EURUSDmicro,BUY,0.6,2026-08-21 09:00:00,2026-08-21 09:32:10,1.16739,1.16749,32.2,0.0001,0.06,WIN
390993180,USDJPYmicro,SELL,0.96,2026-08-21 09:00:00,2026-08-21 10:21:05,158.947,158.913,81.1,0.034,0.21,WIN
390993180,USDJPYmicro,SELL,0.96,2026-08-21 09:00:00,2026-08-21 10:21:59,158.947,158.941,82.0,0.006,0.04,BE
390993180,EURUSDmicro,SELL,0.1,2026-08-21 09:32:10,2026-08-21 11:05:01,1.16749,1.16811,92.9,-0.0006,-0.06,LOSS
390993180,EURUSDmicro,BUY,1.97,2026-08-21 11:05:01,2026-08-21 14:32:47,1.16811,1.16739,207.8,-0.0007,-1.42,LOSS
390993180,EURUSDmicro,SELL,0.1,2026-08-21 14:32:47,2026-08-21 14:45:00,1.16739,1.16766,12.2,-0.0003,-0.03,BE
390993180,USDJPYmicro,SELL,1.37,2026-08-21 11:05:00,2026-08-23 15:20:27,158.988,158.954,3135.5,0.034,0.29,WIN
390993180,USDJPYmicro,SELL,1.36,2026-08-21 11:05:00,2026-08-23 15:37:50,158.988,158.776,3152.8,0.212,1.82,WIN
390993180,EURUSDmicro,BUY,1.03,2026-08-21 14:45:00,2026-08-23 18:00:11,1.16766,1.16824,3075.2,0.0006,0.6,WIN
390993180,EURUSDmicro,BUY,0.92,2026-08-21 14:45:00,2026-08-23 19:20:46,1.16766,1.16776,3155.8,0.0001,0.09,WIN
390993180,USDJPYmicro,SELL,1.98,2026-08-23 19:20:00,2026-08-23 21:50:51,158.865,158.983,150.9,-0.118,-1.47,LOSS
390993180,EURUSDmicro,SELL,0.1,2026-08-23 19:20:46,2026-08-23 21:55:00,1.16776,1.16808,154.2,-0.0003,-0.03,BE
390993180,BTCUSD,BUY,0.01,2026-08-23 23:00:01,2026-08-23 23:31:19,76902.65,76902.15,31.3,-0.5,-0.01,BE
390993180,EURUSDmicro,BUY,1.97,2026-08-23 21:55:00,2026-08-24 00:22:39,1.16808,1.16737,147.7,-0.0007,-1.4,LOSS
390993180,USDJPYmicro,SELL,2.86,2026-08-24 00:25:00,2026-08-24 00:57:03,158.942,159.022,32.1,-0.08,-1.44,LOSS
390993180,EURUSDmicro,SELL,0.1,2026-08-24 00:22:39,2026-08-24 01:10:01,1.16737,1.16772,47.4,-0.0004,-0.04,BE
390993180,EURUSDmicro,BUY,1.92,2026-08-24 01:10:01,2026-08-24 01:16:19,1.16772,1.16702,6.3,-0.0007,-1.34,LOSS
390993180,EURUSDmicro,SELL,0.1,2026-08-24 01:16:19,2026-08-24 08:00:00,1.16702,1.1666,403.7,0.0004,0.04,BE
390993180,EURUSDmicro,BUY,1.63,2026-08-24 08:00:00,2026-08-24 11:22:25,1.1666,1.16578,202.4,-0.0008,-1.34,LOSS
390993180,EURUSDmicro,SELL,0.1,2026-08-24 11:22:25,2026-08-24 11:35:05,1.16578,1.16603,12.7,-0.0002,-0.02,BE
390993180,EURUSDmicro,BUY,1.86,2026-08-24 11:35:05,2026-08-24 14:59:55,1.16603,1.16584,204.8,-0.0002,-0.35,LOSS
390993180,GOLDmicro,BUY,0.03,2026-08-19 10:00:32,2026-08-24 18:37:02,4495.36,4692.32,7716.5,196.96,5.91,WIN
390993180,GOLDmicro,BUY,0.07,2026-08-20 05:45:00,2026-08-24 18:37:02,4475.53,4692.32,6532.0,216.79,15.18,WIN
390993180,GOLDmicro,BUY,0.03,2026-08-20 05:45:00,2026-08-24 21:24:37,4475.53,4633.07,6699.6,157.54,4.73,WIN
390993180,GOLDmicro,BUY,0.07,2026-08-20 06:15:00,2026-08-24 21:24:37,4463.04,4633.07,6669.6,170.03,11.9,WIN
390993180,EURUSDmicro,SELL,0.1,2026-08-24 14:59:55,2026-08-25 01:00:00,1.16584,1.16537,600.1,0.0005,0.05,BE
390993180,EURUSDmicro,BUY,1.03,2026-08-25 01:00:00,2026-08-25 01:16:05,1.16537,1.16594,16.1,0.0006,0.59,WIN
390993180,GOLDmicro,BUY,0.03,2026-08-20 06:15:00,2026-08-25 02:08:53,4463.04,4621.96,6953.9,158.92,4.77,WIN
390993180,GOLDmicro,BUY,0.07,2026-08-20 06:30:00,2026-08-25 02:08:53,4459.73,4621.96,6938.9,162.23,11.36,WIN
390993180,GOLDmicro,BUY,0.03,2026-08-20 06:30:00,2026-08-25 02:40:49,4459.73,4628.6,6970.8,168.87,5.07,WIN
390993180,GOLDmicro,BUY,0.07,2026-08-20 06:45:00,2026-08-25 02:40:49,4467.01,4628.6,6955.8,161.59,11.31,WIN
390993180,EURUSDmicro,BUY,0.92,2026-08-25 01:00:00,2026-08-25 04:19:20,1.16537,1.16621,199.3,0.0008,0.77,WIN
390993180,EURUSDmicro,SELL,0.1,2026-08-25 04:19:20,2026-08-25 04:25:00,1.16621,1.16621,5.7,0.0,0.0,BE
390993180,EURUSDmicro,BUY,1.69,2026-08-25 04:25:00,2026-08-25 05:41:20,1.16621,1.16614,76.3,-0.0001,-0.12,LOSS
390993180,BTCUSD,BUY,0.01,2026-08-25 04:05:01,2026-08-25 05:44:00,79196.75,79196.15,99.0,-0.6,-0.01,BE
390993180,EURUSDmicro,SELL,0.1,2026-08-25 05:41:20,2026-08-25 06:00:00,1.16614,1.16607,18.7,0.0001,0.01,BE
390993180,GOLDmicro,BUY,0.03,2026-08-20 06:45:00,2026-08-25 06:21:28,4467.01,4636.69,7176.5,169.68,5.09,WIN
390993180,GOLDmicro,BUY,0.07,2026-08-24 20:05:27,2026-08-25 06:21:28,4647.31,4636.69,616.0,-10.62,-0.74,LOSS
390993180,EURUSDmicro,BUY,1.97,2026-08-25 06:00:00,2026-08-25 06:21:44,1.16607,1.16617,21.7,0.0001,0.2,WIN
390993180,BTCUSD,BUY,0.01,2026-08-25 06:30:01,2026-08-25 07:06:03,78894.95,79037.65,36.0,142.7,1.43,WIN
390993180,GOLDmicro,BUY,0.03,2026-08-24 20:05:27,2026-08-25 07:17:02,4647.31,4624.42,671.6,-22.89,-0.69,LOSS
390993180,GOLDmicro,BUY,0.07,2026-08-24 20:54:33,2026-08-25 07:17:02,4627.97,4624.42,622.5,-3.55,-0.25,LOSS
390993180,GOLDmicro,BUY,0.03,2026-08-24 20:54:33,2026-08-25 07:32:45,4627.97,4620.13,638.2,-7.84,-0.24,LOSS
390993180,GOLDmicro,BUY,0.07,2026-08-25 01:40:00,2026-08-25 07:32:45,4636.99,4620.13,352.8,-16.86,-1.18,LOSS
390993180,BTCUSD,BUY,0.01,2026-08-25 07:15:02,2026-08-25 07:33:14,78827.35,78872.95,18.2,45.6,0.46,WIN
390993180,GOLDmicro,BUY,0.03,2026-08-25 01:40:00,2026-08-25 07:42:03,4636.99,4617.72,362.1,-19.27,-0.58,LOSS
390993180,GOLDmicro,BUY,0.07,2026-08-25 02:20:00,2026-08-25 07:42:03,4628.53,4617.72,322.0,-10.81,-0.76,LOSS
390993180,BTCUSD,BUY,0.01,2026-08-25 07:45:01,2026-08-25 07:49:47,78678.15,78420.95,4.8,-257.2,-2.57,LOSS
390993180,GOLDmicro,BUY,0.03,2026-08-25 02:20:00,2026-08-25 08:02:07,4628.53,4618.28,342.1,-10.25,-0.31,LOSS
390993180,GOLDmicro,BUY,0.07,2026-08-25 02:55:00,2026-08-25 08:02:07,4627.0,4618.28,307.1,-8.72,-0.61,LOSS
390993180,GOLDmicro,BUY,0.03,2026-08-25 02:55:00,2026-08-25 11:47:30,4627.0,4644.71,532.5,17.71,0.53,WIN
390993180,GOLDmicro,BUY,0.1,2026-08-25 07:15:00,2026-08-25 11:47:30,4623.28,4644.71,272.5,21.43,2.14,WIN
390993180,GOLDmicro,BUY,0.07,2026-08-25 07:25:00,2026-08-25 11:47:30,4615.16,4644.71,262.5,29.55,2.07,WIN
390993180,GOLDmicro,BUY,0.03,2026-08-25 07:25:00,2026-08-25 18:23:08,4615.16,4645.73,658.1,30.57,0.92,WIN
390993180,GOLDmicro,BUY,0.1,2026-08-25 07:40:00,2026-08-25 18:23:08,4616.09,4645.73,643.1,29.64,2.96,WIN
390993180,GOLDmicro,BUY,0.07,2026-08-25 07:50:00,2026-08-25 18:23:08,4607.4,4645.73,633.1,38.33,2.68,WIN
390993180,GOLDmicro,BUY,0.03,2026-08-25 07:50:00,2026-08-25 19:07:25,4607.4,4645.0,677.4,37.6,1.13,WIN
390993180,GOLDmicro,BUY,0.17,2026-08-25 11:11:20,2026-08-25 19:07:25,4635.45,4645.0,476.1,9.55,1.62,WIN
390993180,GOLDmicro,BUY,0.03,2026-08-25 11:11:20,2026-08-25 20:43:42,4635.45,4670.12,572.4,34.67,1.04,WIN
390993180,GOLDmicro,BUY,0.07,2026-08-25 18:20:00,2026-08-25 20:43:42,4651.61,4670.12,143.7,18.51,1.3,WIN
390993180,GOLDmicro,BUY,0.13,2026-08-25 18:20:00,2026-08-25 20:51:48,4651.61,4664.36,151.8,12.75,1.66,WIN
390993180,GOLDmicro,BUY,0.07,2026-08-25 18:36:47,2026-08-25 20:51:48,4643.04,4664.36,135.0,21.32,1.49,WIN
390993180,USDJPYmicro,SELL,1.49,2026-08-26 01:00:00,2026-08-26 01:10:25,159.044,158.982,10.4,0.062,0.58,WIN
390993180,USDJPYmicro,SELL,1.48,2026-08-26 01:00:00,2026-08-26 01:21:27,159.044,159.034,21.5,0.01,0.09,WIN
390993180,EURUSDmicro,SELL,0.1,2026-08-25 06:21:44,2026-08-26 03:10:01,1.16617,1.16678,1248.3,-0.0006,-0.06,LOSS
390993180,EURUSDmicro,BUY,2.03,2026-08-26 03:10:01,2026-08-26 04:56:31,1.16678,1.16608,106.5,-0.0007,-1.42,LOSS
390993180,USDJPYmicro,SELL,2.95,2026-08-26 05:05:00,2026-08-26 05:22:47,159.069,159.149,17.8,-0.08,-1.48,LOSS
390993180,EURUSDmicro,SELL,0.1,2026-08-26 04:56:31,2026-08-26 05:25:00,1.16608,1.16621,28.5,-0.0001,-0.01,BE
390993180,EURUSDmicro,BUY,1.99,2026-08-26 05:25:00,2026-08-26 05:35:55,1.16621,1.16643,10.9,0.0002,0.44,WIN
390993180,GOLDmicro,BUY,0.1,2026-08-25 18:36:47,2026-08-26 05:48:55,4643.04,4618.83,672.1,-24.21,-2.42,LOSS
390993180,EURUSDmicro,SELL,0.1,2026-08-26 05:35:55,2026-08-26 06:35:00,1.16643,1.16666,59.1,-0.0002,-0.02,BE
390993180,EURUSDmicro,BUY,1.83,2026-08-26 06:35:00,2026-08-26 06:54:27,1.16666,1.16588,19.4,-0.0008,-1.43,LOSS
390993180,EURUSDmicro,SELL,0.1,2026-08-26 06:54:27,2026-08-26 07:05:00,1.16588,1.16533,10.5,0.0006,0.06,WIN
390993180,EURUSDmicro,BUY,1.31,2026-08-26 07:05:00,2026-08-26 07:20:21,1.16533,1.16554,15.3,0.0002,0.28,WIN
390993180,GOLDmicro,BUY,0.03,2026-08-25 18:36:47,2026-08-26 07:47:27,4643.04,4622.85,790.7,-20.19,-0.61,LOSS
390993180,GOLDmicro,BUY,0.07,2026-08-25 20:50:38,2026-08-26 07:47:27,4666.32,4622.85,656.8,-43.47,-3.04,LOSS
390993180,EURUSDmicro,SELL,0.1,2026-08-26 07:20:21,2026-08-26 07:50:00,1.16554,1.16567,29.7,-0.0001,-0.01,BE
390993180,GOLDmicro,BUY,0.03,2026-08-25 20:50:38,2026-08-26 08:03:35,4666.32,4626.14,673.0,-40.18,-1.21,LOSS
390993180,GOLDmicro,BUY,0.07,2026-08-25 21:04:17,2026-08-26 08:03:35,4658.04,4626.14,659.3,-31.9,-2.23,LOSS
390993180,EURUSDmicro,BUY,1.35,2026-08-26 07:50:00,2026-08-26 08:19:12,1.16567,1.16465,29.2,-0.001,-1.38,LOSS
390993180,GOLDmicro,BUY,0.1,2026-08-25 21:04:17,2026-08-26 09:06:32,4658.04,4588.29,722.2,-69.75,-6.98,LOSS
390993180,GOLDmicro,BUY,0.03,2026-08-25 21:04:17,2026-08-26 10:01:08,4658.04,4591.27,776.9,-66.77,-2.0,LOSS
390993180,GOLDmicro,BUY,0.07,2026-08-26 05:25:00,2026-08-26 10:01:08,4617.16,4591.27,276.1,-25.89,-1.81,LOSS
390993180,GOLDmicro,BUY,0.03,2026-08-26 05:25:00,2026-08-26 11:30:44,4617.16,4598.1,365.7,-19.06,-0.57,LOSS
390993180,GOLDmicro,BUY,0.07,2026-08-26 07:05:00,2026-08-26 11:30:44,4612.64,4598.1,265.7,-14.54,-1.02,LOSS
390993180,GOLDmicro,BUY,0.03,2026-08-26 07:05:00,2026-08-26 16:04:58,4612.64,4603.49,540.0,-9.15,-0.27,LOSS
390993180,GOLDmicro,BUY,0.1,2026-08-26 08:37:21,2026-08-26 16:04:58,4615.51,4603.49,447.6,-12.02,-1.2,LOSS
390993180,GOLDmicro,BUY,0.1,2026-08-26 09:00:00,2026-08-26 16:04:58,4603.31,4603.49,425.0,0.18,0.02,BE
390993180,GOLDmicro,BUY,0.1,2026-08-26 09:20:00,2026-08-26 16:04:58,4591.26,4603.49,405.0,12.23,1.22,WIN
390993180,GOLDmicro,BUY,0.1,2026-08-26 10:00:00,2026-08-26 17:15:26,4596.46,4614.52,435.4,18.06,1.81,WIN
390993180,GOLDmicro,BUY,0.23,2026-08-26 17:07:10,2026-08-26 17:15:26,4611.9,4614.52,8.3,2.62,0.6,WIN
390993180,GOLDmicro,BUY,0.1,2026-08-26 17:07:10,2026-08-26 19:33:06,4611.9,4621.23,145.9,9.33,0.93,WIN
390993180,GOLDmicro,BUY,0.1,2026-08-26 17:35:31,2026-08-26 19:33:06,4621.62,4621.23,117.6,-0.39,-0.04,BE
390993180,GOLDmicro,BUY,0.2,2026-08-26 17:35:31,2026-08-26 19:36:05,4621.62,4621.0,120.6,-0.62,-0.12,LOSS
390993180,GOLDmicro,BUY,0.03,2026-08-26 17:35:31,2026-08-26 19:39:46,4621.62,4627.69,124.2,6.07,0.18,WIN
390993180,GOLDmicro,BUY,0.17,2026-08-26 19:33:32,2026-08-26 19:39:46,4622.81,4627.69,6.2,4.88,0.83,WIN
390993180,GOLDmicro,BUY,0.03,2026-08-26 19:33:32,2026-08-26 21:21:49,4622.81,4635.6,108.3,12.79,0.38,WIN
390993180,GOLDmicro,BUY,0.07,2026-08-26 19:55:08,2026-08-26 21:21:49,4636.24,4635.6,86.7,-0.64,-0.04,BE
390993180,GOLDmicro,BUY,0.13,2026-08-26 19:55:08,2026-08-26 22:39:13,4636.24,4617.74,164.1,-18.5,-2.41,LOSS
390993180,GOLDmicro,BUY,0.07,2026-08-26 20:01:46,2026-08-26 22:39:13,4642.72,4617.74,157.5,-24.98,-1.75,LOSS
390993180,EURUSDmicro,SELL,0.1,2026-08-26 08:19:12,2026-08-27 01:30:00,1.16465,1.16532,1030.8,-0.0007,-0.07,LOSS
390993180,EURUSDmicro,BUY,1.0,2026-08-27 01:30:00,2026-08-27 03:36:43,1.16532,1.16412,126.7,-0.0012,-1.2,LOSS
390993180,GOLDmicro,BUY,0.1,2026-08-26 20:01:46,2026-08-27 03:37:05,4642.72,4585.25,455.3,-57.47,-5.75,LOSS
390993180,EURUSDmicro,SELL,0.1,2026-08-27 03:36:43,2026-08-27 03:50:01,1.16412,1.16455,13.3,-0.0004,-0.04,BE
390993180,EURUSDmicro,BUY,0.97,2026-08-27 03:50:01,2026-08-27 05:20:42,1.16455,1.16392,90.7,-0.0006,-0.61,LOSS
390993180,GOLDmicro,BUY,0.03,2026-08-26 20:01:46,2026-08-27 05:20:48,4642.72,4592.85,559.0,-49.87,-1.5,LOSS
390993180,GOLDmicro,BUY,0.07,2026-08-26 21:05:35,2026-08-27 05:20:48,4633.38,4592.85,495.2,-40.53,-2.84,LOSS
390993180,GOLDmicro,BUY,0.03,2026-08-26 21:05:35,2026-08-27 05:20:57,4633.38,4594.3,495.4,-39.08,-1.17,LOSS
390993180,GOLDmicro,BUY,0.07,2026-08-26 22:19:42,2026-08-27 05:20:57,4625.15,4594.3,421.2,-30.85,-2.16,LOSS
390993180,GOLDmicro,BUY,0.13,2026-08-26 22:19:42,2026-08-27 06:40:20,4625.15,4588.11,500.6,-37.04,-4.82,LOSS
390993180,GOLDmicro,BUY,0.07,2026-08-27 01:00:00,2026-08-27 06:40:20,4600.67,4588.11,340.3,-12.56,-0.88,LOSS
390993180,GOLDmicro,BUY,0.03,2026-08-27 01:00:00,2026-08-27 07:53:16,4600.67,4577.63,413.3,-23.04,-0.69,LOSS
390993180,GOLDmicro,BUY,0.07,2026-08-27 03:50:00,2026-08-27 07:53:16,4583.03,4577.63,243.3,-5.4,-0.38,LOSS
390993180,GOLDmicro,BUY,0.03,2026-08-27 03:50:00,2026-08-27 08:25:50,4583.03,4573.83,275.8,-9.2,-0.28,LOSS
390993180,GOLDmicro,BUY,0.07,2026-08-27 05:58:33,2026-08-27 08:25:50,4598.34,4573.83,147.3,-24.51,-1.72,LOSS
390993180,GOLDmicro,BUY,0.03,2026-08-27 05:58:33,2026-08-27 08:47:28,4598.34,4592.48,168.9,-5.86,-0.18,LOSS
390993180,GOLDmicro,BUY,0.07,2026-08-27 05:58:38,2026-08-27 08:47:28,4598.51,4592.48,168.8,-6.03,-0.42,LOSS
390993180,EURUSDmicro,SELL,0.1,2026-08-27 05:20:42,2026-08-28 03:00:00,1.16392,1.16452,1299.3,-0.0006,-0.06,LOSS
390993180,GOLDmicro,BUY,0.1,2026-08-27 05:58:38,2026-08-28 07:58:40,4598.51,4624.43,1560.0,25.92,2.59,WIN
390993180,EURUSDmicro,BUY,1.34,2026-08-28 03:00:00,2026-08-28 07:59:58,1.16452,1.16361,300.0,-0.0009,-1.22,LOSS
390993180,GOLDmicro,BUY,0.03,2026-08-27 05:58:38,2026-08-28 08:10:31,4598.51,4571.37,1571.9,-27.14,-0.81,LOSS
390993180,GOLDmicro,BUY,0.07,2026-08-27 07:48:29,2026-08-28 08:10:31,4568.75,4571.37,1462.0,2.62,0.18,WIN
390993180,GOLDmicro,BUY,0.03,2026-08-27 07:48:29,2026-08-28 09:57:12,4568.75,4526.32,1568.7,-42.43,-1.27,LOSS
390993180,GOLDmicro,BUY,0.07,2026-08-27 07:59:14,2026-08-28 09:57:12,4573.73,4526.32,1558.0,-47.41,-3.32,LOSS
390993180,GOLDmicro,BUY,0.03,2026-08-27 07:59:14,2026-08-28 10:34:24,4573.73,4471.05,1595.2,-102.68,-3.08,LOSS
390993180,GOLDmicro,BUY,0.07,2026-08-27 08:05:00,2026-08-28 10:34:24,4576.25,4471.05,1589.4,-105.2,-7.36,LOSS
390993180,GOLDmicro,BUY,0.03,2026-08-27 08:05:00,2026-08-30 17:36:36,4576.25,4453.32,4891.6,-122.93,-3.69,LOSS
390993180,GOLDmicro,BUY,0.1,2026-08-28 08:00:03,2026-08-30 17:36:36,4600.84,4453.32,3456.6,-147.52,-14.75,LOSS
390993180,GOLDmicro,BUY,0.07,2026-08-28 08:11:16,2026-08-30 17:36:36,4565.72,4453.32,3445.3,-112.4,-7.87,LOSS
390993180,GOLDmicro,BUY,0.03,2026-08-28 08:11:16,2026-08-30 17:38:17,4565.72,4451.5,3447.0,-114.22,-3.43,LOSS
390993180,GOLDmicro,BUY,0.1,2026-08-28 09:44:49,2026-08-30 17:38:17,4536.4,4451.5,3353.5,-84.9,-8.49,LOSS
390993180,GOLDmicro,BUY,0.07,2026-08-28 10:29:24,2026-08-30 17:38:17,4481.55,4451.5,3308.9,-30.05,-2.1,LOSS
390993180,GOLDmicro,BUY,0.03,2026-08-28 10:29:24,2026-08-30 18:10:01,4481.55,4456.47,3340.6,-25.08,-0.75,LOSS
390993180,GOLDmicro,BUY,0.17,2026-08-30 17:56:30,2026-08-30 18:10:01,4453.57,4456.47,13.5,2.9,0.49,WIN
390993180,GOLDmicro,BUY,0.03,2026-08-30 17:56:30,2026-08-30 18:14:42,4453.57,4462.35,18.2,8.78,0.26,WIN
390993180,GOLDmicro,BUY,0.17,2026-08-30 18:00:50,2026-08-30 18:14:42,4461.62,4462.35,13.9,0.73,0.12,WIN
390993180,GOLDmicro,BUY,0.03,2026-08-30 18:00:50,2026-08-30 18:31:59,4461.62,4463.4,31.2,1.78,0.05,WIN
390993180,GOLDmicro,BUY,0.2,2026-08-30 18:29:12,2026-08-30 18:31:59,4454.05,4463.4,2.8,9.35,1.87,WIN
390993180,GOLDmicro,BUY,0.1,2026-08-30 18:29:27,2026-08-30 18:31:59,4455.76,4463.4,2.5,7.64,0.76,WIN
390993180,GOLDmicro,BUY,0.1,2026-08-30 18:29:27,2026-08-30 19:00:01,4455.76,4453.36,30.6,-2.4,-0.24,LOSS
390993180,GOLDmicro,BUY,0.1,2026-08-30 18:51:00,2026-08-30 19:00:01,4466.22,4453.36,9.0,-12.86,-1.29,LOSS
390993180,GOLDmicro,BUY,0.23,2026-08-30 18:51:00,2026-08-30 19:03:05,4466.22,4457.67,12.1,-8.55,-1.97,LOSS
390993180,GOLDmicro,BUY,0.1,2026-08-30 18:51:40,2026-08-30 19:03:05,4463.62,4457.67,11.4,-5.95,-0.59,LOSS
390993180,GOLDmicro,BUY,0.1,2026-08-30 18:51:40,2026-08-30 19:17:08,4463.62,4446.8,25.5,-16.82,-1.68,LOSS
390993180,GOLDmicro,BUY,0.23,2026-08-30 19:01:15,2026-08-30 19:17:08,4439.48,4446.8,15.9,7.32,1.68,WIN
390993180,GOLDmicro,BUY,0.1,2026-08-30 19:01:15,2026-08-30 19:26:48,4439.48,4444.6,25.6,5.12,0.51,WIN
390993180,GOLDmicro,BUY,0.23,2026-08-30 19:08:28,2026-08-30 19:26:48,4444.51,4444.6,18.3,0.09,0.02,BE
390993180,GOLDmicro,BUY,0.1,2026-08-30 19:08:28,2026-08-30 20:03:15,4444.51,4423.16,54.8,-21.35,-2.14,LOSS
390993180,GOLDmicro,BUY,0.23,2026-08-30 19:09:59,2026-08-30 20:03:15,4440.03,4423.16,53.3,-16.87,-3.88,LOSS
390993180,GOLDmicro,BUY,0.1,2026-08-30 19:09:59,2026-08-30 23:22:39,4440.03,4431.77,252.7,-8.26,-0.83,LOSS
390993180,GOLDmicro,BUY,0.33,2026-08-30 20:00:50,2026-08-30 23:22:39,4434.9,4431.77,201.8,-3.13,-1.03,LOSS
390993180,GOLDmicro,SELL,0.12,2026-08-30 23:22:39,2026-08-31 00:05:58,4431.77,4432.2,43.3,-0.43,-0.05,LOSS
390993180,GOLDmicro,SELL,0.43,2026-08-30 23:26:49,2026-08-31 00:05:58,4435.49,4432.2,39.2,3.29,1.41,WIN
390993180,GOLDmicro,SELL,0.12,2026-08-30 23:26:49,2026-08-31 00:05:58,4435.49,4432.2,39.2,3.29,0.39,WIN
390993180,GOLDmicro,SELL,0.43,2026-08-30 23:58:49,2026-08-31 00:05:58,4442.85,4432.2,7.2,10.65,4.58,WIN
390993180,GOLDmicro,SELL,0.12,2026-08-30 23:58:49,2026-08-31 00:05:58,4442.85,4432.2,7.2,10.65,1.28,WIN
390993180,GOLDmicro,BUY,0.43,2026-08-31 00:05:58,2026-08-31 00:06:38,4432.2,4431.53,0.7,-0.67,-0.29,LOSS
390993180,GOLDmicro,SELL,0.07,2026-08-31 00:06:38,2026-08-31 00:07:22,4431.53,4430.85,0.7,0.68,0.05,BE
390993180,GOLDmicro,BUY,0.43,2026-08-31 00:07:22,2026-08-31 00:10:38,4430.85,4434.07,3.3,3.22,1.38,WIN
390993180,GOLDmicro,BUY,0.07,2026-08-31 00:08:00,2026-08-31 00:10:38,4430.73,4434.07,2.6,3.34,0.23,WIN
390993180,GOLDmicro,BUY,0.43,2026-08-31 00:08:00,2026-08-31 00:18:57,4430.73,4434.7,10.9,3.97,1.71,WIN
390993180,GOLDmicro,SELL,0.07,2026-08-31 00:18:57,2026-08-31 00:19:26,4434.7,4436.76,0.5,-2.06,-0.14,LOSS
390993180,GOLDmicro,BUY,0.43,2026-08-31 00:19:26,2026-08-31 00:19:56,4436.76,4437.83,0.5,1.07,0.46,WIN
390993180,GOLDmicro,SELL,0.12,2026-08-31 00:19:56,2026-08-31 00:30:51,4437.83,4433.78,10.9,4.05,0.49,WIN
390993180,GOLDmicro,BUY,0.43,2026-08-31 00:30:51,2026-08-31 00:38:16,4433.78,4438.0,7.4,4.22,1.81,WIN
390993180,GOLDmicro,SELL,0.12,2026-08-31 00:38:16,2026-08-31 00:54:00,4438.0,4439.93,15.7,-1.93,-0.23,LOSS
390993180,GOLDmicro,SELL,0.43,2026-08-31 00:39:59,2026-08-31 00:54:00,4440.18,4439.93,14.0,0.25,0.11,WIN
390993180,GOLDmicro,SELL,0.12,2026-08-31 00:39:59,2026-08-31 01:22:11,4440.18,4444.41,42.2,-4.23,-0.51,LOSS
390993180,GOLDmicro,SELL,0.43,2026-08-31 00:46:11,2026-08-31 01:22:11,4441.94,4444.41,36.0,-2.47,-1.06,LOSS
390993180,GOLDmicro,SELL,0.12,2026-08-31 00:46:11,2026-08-31 01:22:21,4441.94,4444.59,36.2,-2.65,-0.32,LOSS
390993180,GOLDmicro,BUY,0.1,2026-08-31 01:22:21,2026-08-31 05:10:38,4444.59,4455.77,228.3,11.18,1.12,WIN
390993180,GOLDmicro,BUY,0.33,2026-08-31 01:22:21,2026-08-31 05:23:25,4444.59,4457.16,241.1,12.57,4.15,WIN
390993180,GOLDmicro,SELL,0.21,2026-08-31 05:23:25,2026-08-31 05:36:30,4457.16,4457.85,13.1,-0.69,-0.14,LOSS
390993180,GOLDmicro,SELL,0.33,2026-08-31 05:26:24,2026-08-31 05:36:30,4460.28,4457.85,10.1,2.43,0.8,WIN
390993180,GOLDmicro,SELL,0.21,2026-08-31 05:26:24,2026-08-31 05:36:30,4460.28,4457.85,10.1,2.43,0.51,WIN
390993180,GOLDmicro,BUY,0.33,2026-08-31 05:36:30,2026-08-31 07:46:30,4457.85,4429.19,130.0,-28.66,-9.46,LOSS
390993180,GOLDmicro,BUY,0.1,2026-08-31 05:36:30,2026-08-31 07:46:30,4457.85,4429.19,130.0,-28.66,-2.87,LOSS
390993180,GOLDmicro,BUY,0.11,2026-08-31 07:32:12,2026-08-31 07:46:30,4440.07,4429.19,14.3,-10.88,-1.2,LOSS
390993180,GOLDmicro,BUY,0.43,2026-08-31 07:32:12,2026-08-31 07:47:04,4440.07,4426.98,14.9,-13.09,-5.63,LOSS
390993180,GOLDmicro,BUY,0.11,2026-08-31 07:32:44,2026-08-31 07:47:04,4438.37,4426.98,14.3,-11.39,-1.25,LOSS
390993180,GOLDmicro,BUY,0.43,2026-08-31 07:32:44,2026-08-31 07:47:08,4438.37,4425.39,14.4,-12.98,-5.58,LOSS
390993180,GOLDmicro,BUY,0.11,2026-08-31 07:42:30,2026-08-31 07:47:08,4435.43,4425.39,4.6,-10.04,-1.1,LOSS
390993180,GOLDmicro,BUY,0.43,2026-08-31 07:42:30,2026-08-31 09:48:58,4435.43,4431.91,126.5,-3.52,-1.51,LOSS
390993180,GOLDmicro,SELL,0.11,2026-08-31 09:48:58,2026-08-31 10:10:57,4431.91,4435.54,22.0,-3.63,-0.4,LOSS
390993180,GOLDmicro,BUY,0.43,2026-08-31 10:10:57,2026-08-31 20:59:26,4435.54,4441.89,648.5,6.35,2.73,WIN
390993180,GOLDmicro,BUY,0.12,2026-08-31 20:50:21,2026-08-31 20:59:26,4435.9,4441.89,9.1,5.99,0.72,WIN
390993180,GOLDmicro,BUY,0.43,2026-08-31 20:50:21,2026-08-31 21:58:11,4435.9,4438.13,67.8,2.23,0.96,WIN
390993180,GOLDmicro,BUY,0.12,2026-08-31 21:19:00,2026-08-31 21:58:11,4437.86,4438.13,39.2,0.27,0.03,BE
390993180,GOLDmicro,BUY,0.43,2026-08-31 21:19:00,2026-08-31 23:18:47,4437.86,4426.62,119.8,-11.24,-4.83,LOSS
390993180,GOLDmicro,BUY,0.12,2026-08-31 22:51:08,2026-08-31 23:18:47,4426.48,4426.62,27.6,0.14,0.02,BE
390993180,GOLDmicro,BUY,0.43,2026-08-31 22:51:08,2026-08-31 23:22:27,4426.48,4427.42,31.3,0.94,0.4,WIN
390993180,GOLDmicro,BUY,0.12,2026-08-31 23:18:56,2026-08-31 23:22:27,4427.27,4427.42,3.5,0.15,0.02,BE
390993180,GOLDmicro,BUY,0.43,2026-08-31 23:18:56,2026-08-31 23:30:02,4427.27,4424.18,11.1,-3.09,-1.33,LOSS
390993180,GOLDmicro,BUY,0.12,2026-08-31 23:19:14,2026-08-31 23:30:02,4426.31,4424.18,10.8,-2.13,-0.26,LOSS
390993180,GOLDmicro,BUY,0.43,2026-08-31 23:19:14,2026-09-01 02:38:01,4426.31,4369.95,198.8,-56.36,-24.23,LOSS
390993180,GOLDmicro,BUY,0.12,2026-09-01 02:30:33,2026-09-01 02:38:01,4379.96,4369.95,7.5,-10.01,-1.2,LOSS
390993180,GOLDmicro,BUY,0.22,2026-09-01 02:30:33,2026-09-01 05:41:42,4379.96,4383.41,191.2,3.45,0.76,WIN
390993180,GOLDmicro,BUY,0.21,2026-09-01 02:30:33,2026-09-01 05:42:04,4379.96,4382.52,191.5,2.56,0.54,WIN
390993180,GOLDmicro,BUY,0.01,2026-09-01 05:39:13,2026-09-01 05:42:04,4383.69,4382.52,2.8,-1.17,-0.01,BE
390993180,GOLDmicro,BUY,0.21,2026-09-01 05:39:13,2026-09-01 06:34:44,4383.69,4360.22,55.5,-23.47,-4.93,LOSS
390993180,GOLDmicro,BUY,0.01,2026-09-01 06:06:54,2026-09-01 06:34:44,4371.58,4360.22,27.8,-11.36,-0.11,LOSS
390993180,GOLDmicro,BUY,0.21,2026-09-01 06:06:54,2026-09-01 06:48:29,4371.58,4365.63,41.6,-5.95,-1.25,LOSS
390993180,GOLDmicro,BUY,0.01,2026-09-01 06:12:37,2026-09-01 06:48:29,4370.36,4365.63,35.9,-4.73,-0.05,BE
390993180,USDJPYmicro,BUY,0.69,2026-09-01 08:30:00,2026-09-01 10:17:22,159.965,160.082,107.4,0.117,0.5,WIN
390993180,USDJPYmicro,BUY,0.46,2026-09-01 08:30:00,2026-09-01 12:00:00,159.965,160.234,210.0,0.269,0.77,WIN
390993180,GOLDmicro,BUY,0.21,2026-09-01 06:12:37,2026-09-01 16:35:35,4370.36,4327.56,623.0,-42.8,-8.99,LOSS
390993180,GOLDmicro,BUY,0.22,2026-09-01 06:38:19,2026-09-01 16:35:35,4355.66,4327.56,597.3,-28.1,-6.18,LOSS
390993180,GOLDmicro,SELL,0.12,2026-09-01 16:35:35,2026-09-01 18:02:34,4327.56,4320.93,87.0,6.63,0.8,WIN
390993180,GOLDmicro,SELL,0.21,2026-09-01 16:36:07,2026-09-01 18:02:34,4329.03,4320.93,86.4,8.1,1.7,WIN
390993180,GOLDmicro,SELL,0.33,2026-09-01 16:36:07,2026-09-01 18:02:37,4329.03,4319.33,86.5,9.7,3.2,WIN
390993180,GOLDmicro,SELL,0.01,2026-09-01 16:36:07,2026-09-01 18:03:49,4329.03,4327.52,87.7,1.51,0.02,BE
390993180,GOLDmicro,BUY,0.21,2026-09-01 18:03:49,2026-09-01 18:24:24,4327.52,4330.75,20.6,3.23,0.68,WIN
390993180,GOLDmicro,BUY,0.22,2026-09-01 18:03:50,2026-09-01 18:24:24,4327.61,4330.75,20.6,3.14,0.69,WIN
390993180,GOLDmicro,SELL,0.23,2026-09-01 18:24:24,2026-09-01 18:25:02,4330.75,4329.86,0.6,0.89,0.2,WIN
390993180,GOLDmicro,BUY,0.32,2026-09-01 18:25:02,2026-09-01 18:44:42,4329.86,4331.23,19.7,1.37,0.44,WIN
390993180,GOLDmicro,BUY,0.23,2026-09-01 18:25:08,2026-09-01 18:44:42,4329.62,4331.23,19.6,1.61,0.37,WIN
390993180,GOLDmicro,BUY,0.43,2026-09-01 18:25:08,2026-09-01 18:44:42,4329.62,4331.23,19.6,1.61,0.69,WIN
390993180,GOLDmicro,BUY,0.12,2026-09-01 18:25:59,2026-09-01 18:44:42,4329.47,4331.23,18.7,1.76,0.21,WIN
390993180,GOLDmicro,BUY,0.43,2026-09-01 18:25:59,2026-09-01 18:44:42,4329.47,4330.67,18.7,1.2,0.52,WIN
390993180,GOLDmicro,BUY,0.12,2026-09-01 18:28:00,2026-09-01 18:44:42,4323.4,4330.67,16.7,7.27,0.87,WIN
390993180,GOLDmicro,BUY,0.1,2026-09-01 18:28:00,2026-09-01 19:18:35,4323.4,4325.27,50.6,1.87,0.19,WIN
390993180,GOLDmicro,BUY,0.22,2026-09-01 18:28:00,2026-09-01 21:20:50,4323.4,4294.01,172.8,-29.39,-6.47,LOSS
390993180,GOLDmicro,BUY,0.11,2026-09-01 18:28:00,2026-09-01 23:31:14,4323.4,4322.62,303.2,-0.78,-0.09,LOSS
390993180,GOLDmicro,BUY,0.1,2026-09-01 19:19:18,2026-09-01 23:31:14,4319.29,4322.62,251.9,3.33,0.33,WIN
390993180,GOLDmicro,BUY,0.19,2026-09-01 21:56:47,2026-09-01 23:31:14,4304.23,4322.62,94.5,18.39,3.49,WIN
390993180,GOLDmicro,BUY,0.03,2026-09-01 21:56:47,2026-09-02 00:26:57,4304.23,4325.93,150.2,21.7,0.65,WIN
390993180,GOLDmicro,BUY,0.23,2026-09-01 23:23:45,2026-09-02 00:26:57,4308.29,4325.93,63.2,17.64,4.06,WIN
390993180,GOLDmicro,BUY,0.1,2026-09-01 23:23:45,2026-09-02 06:30:00,4308.29,4335.93,426.3,27.64,2.76,WIN
390993180,GOLDmicro,BUY,0.33,2026-09-01 23:23:45,2026-09-02 20:30:16,4308.29,4412.03,1266.5,103.74,34.23,WIN
390993180,GOLDmicro,BUY,0.1,2026-09-02 07:26:29,2026-09-02 20:30:16,4352.95,4412.03,783.8,59.08,5.91,WIN
390993180,GOLDmicro,SELL,0.23,2026-09-02 20:30:16,2026-09-02 21:04:31,4412.03,4425.1,34.3,-13.07,-3.01,LOSS
390993180,GOLDmicro,SELL,0.43,2026-09-02 20:33:45,2026-09-02 21:04:31,4416.51,4425.1,30.8,-8.59,-3.69,LOSS
390993180,GOLDmicro,SELL,0.23,2026-09-02 20:33:45,2026-09-02 21:12:16,4416.51,4427.27,38.5,-10.76,-2.47,LOSS
390993180,GOLDmicro,BUY,0.43,2026-09-02 21:12:16,2026-09-02 22:03:26,4427.27,4427.8,51.2,0.53,0.23,WIN
390993180,GOLDmicro,BUY,0.12,2026-09-02 21:16:12,2026-09-02 22:03:26,4429.61,4427.8,47.2,-1.81,-0.22,LOSS
390993180,GOLDmicro,BUY,0.54,2026-09-02 21:16:12,2026-09-02 22:03:31,4429.61,4427.73,47.3,-1.88,-1.02,LOSS
390993180,GOLDmicro,BUY,0.12,2026-09-02 21:46:00,2026-09-02 22:03:31,4427.55,4427.73,17.5,0.18,0.02,BE
390993180,GOLDmicro,BUY,0.22,2026-09-02 21:46:00,2026-09-03 02:05:28,4427.55,4443.02,259.5,15.47,3.4,WIN
390993180,GOLDmicro,BUY,0.21,2026-09-02 21:46:00,2026-09-03 05:34:54,4427.55,4434.07,468.9,6.52,1.37,WIN
390993180,GOLDmicro,BUY,0.01,2026-09-03 00:42:39,2026-09-03 05:34:54,4424.8,4434.07,292.3,9.27,0.09,WIN
390993180,GOLDmicro,BUY,0.21,2026-09-03 00:42:39,2026-09-03 05:58:23,4424.8,4444.08,315.7,19.28,4.05,WIN
390993180,GOLDmicro,BUY,0.01,2026-09-03 05:57:58,2026-09-03 05:58:23,4445.27,4444.08,0.4,-1.19,-0.01,BE
390993180,GOLDmicro,BUY,0.21,2026-09-03 05:57:58,2026-09-03 06:39:35,4445.27,4474.8,41.6,29.53,6.2,WIN
390993180,GOLDmicro,BUY,0.21,2026-09-03 06:30:01,2026-09-03 06:39:35,4462.47,4474.8,9.6,12.33,2.59,WIN
390993180,GOLDmicro,BUY,0.01,2026-09-03 06:30:01,2026-09-03 09:39:33,4462.47,4495.82,189.5,33.35,0.33,WIN
390993180,GOLDmicro,BUY,0.41,2026-09-03 06:42:41,2026-09-03 09:39:33,4467.35,4495.82,176.9,28.47,11.67,WIN
390993180,GOLDmicro,BUY,0.01,2026-09-03 06:42:41,2026-09-03 17:55:54,4467.35,4479.54,673.2,12.19,0.12,WIN
390993180,GOLDmicro,BUY,0.39,2026-09-03 09:26:08,2026-09-03 17:55:54,4505.89,4479.54,509.8,-26.35,-10.28,LOSS
390993180,GOLDmicro,BUY,0.03,2026-09-03 09:26:08,2026-09-03 18:23:11,4505.89,4478.94,537.1,-26.95,-0.81,LOSS
390993180,GOLDmicro,BUY,0.63,2026-09-03 13:53:13,2026-09-03 18:23:11,4477.92,4478.94,270.0,1.02,0.64,WIN
390993180,GOLDmicro,BUY,0.03,2026-09-03 13:53:13,2026-09-03 18:37:15,4477.92,4478.42,284.0,0.5,0.01,BE
390993180,GOLDmicro,BUY,0.23,2026-09-03 14:23:50,2026-09-03 18:37:15,4471.54,4478.42,253.4,6.88,1.58,WIN
390993180,GOLDmicro,BUY,0.43,2026-09-03 14:23:50,2026-09-03 18:37:48,4471.54,4477.14,254.0,5.6,2.41,WIN
390993180,GOLDmicro,SELL,0.23,2026-09-03 18:37:48,2026-09-03 18:59:00,4477.14,4487.24,21.2,-10.1,-2.32,LOSS
390993180,GOLDmicro,SELL,0.43,2026-09-03 18:42:26,2026-09-03 18:59:00,4478.64,4487.24,16.6,-8.6,-3.7,LOSS
390993180,GOLDmicro,SELL,0.23,2026-09-03 18:42:26,2026-09-03 19:07:52,4478.64,4477.55,25.4,1.09,0.25,WIN
390993180,GOLDmicro,SELL,0.43,2026-09-03 18:44:48,2026-09-03 19:07:52,4481.86,4477.55,23.1,4.31,1.85,WIN
390993180,GOLDmicro,SELL,0.23,2026-09-03 18:44:48,2026-09-03 19:07:52,4481.86,4477.55,23.1,4.31,0.99,WIN
390993180,GOLDmicro,BUY,0.43,2026-09-03 19:07:52,2026-09-03 19:58:38,4477.55,4480.03,50.8,2.48,1.07,WIN
390993180,GOLDmicro,SELL,0.12,2026-09-03 19:58:38,2026-09-03 22:00:00,4480.03,4467.4,121.4,12.63,1.52,WIN
390993180,USDJPYmicro,SELL,0.69,2026-09-04 02:00:00,2026-09-04 03:42:11,156.291,156.581,102.2,-0.29,-1.28,LOSS
390993180,EURUSDmicro,SELL,0.1,2026-08-28 07:59:58,2026-09-04 04:15:01,1.16361,1.16202,9855.1,0.0016,0.16,WIN
390993180,EURUSDmicro,BUY,1.26,2026-09-04 04:15:01,2026-09-04 06:30:02,1.16202,1.15936,135.0,-0.0027,-3.35,LOSS
390993180,USDJPYmicro,SELL,0.36,2026-09-04 06:45:00,2026-09-04 06:49:04,156.312,155.978,4.1,0.334,0.77,WIN
390993180,USDJPYmicro,SELL,0.24,2026-09-04 06:45:00,2026-09-04 06:50:04,156.312,155.737,5.1,0.575,0.89,WIN
390993180,GOLDmicro,BUY,0.21,2026-09-03 22:00:00,2026-09-04 07:11:08,4467.4,4385.79,551.1,-81.61,-17.14,LOSS
390993180,GOLDmicro,BUY,0.22,2026-09-03 23:08:05,2026-09-04 07:11:08,4470.81,4385.79,483.0,-85.02,-18.7,LOSS
390993180,GOLDmicro,SELL,0.12,2026-09-04 07:11:08,2026-09-04 07:30:30,4385.79,4416.62,19.4,-30.83,-3.7,LOSS
390993180,BTCUSD,BUY,0.01,2026-09-06 22:15:01,2026-09-07 01:33:10,79706.25,79283.25,198.2,-423.0,-4.23,LOSS
390993180,GOLDmicro,BUY,0.43,2026-09-04 07:30:30,2026-09-07 07:39:04,4416.62,4402.58,4328.6,-14.04,-6.04,LOSS
390993180,GOLDmicro,BUY,0.12,2026-09-06 18:52:13,2026-09-07 07:39:04,4424.9,4402.58,766.8,-22.32,-2.68,LOSS
390993180,GOLDmicro,BUY,0.54,2026-09-06 18:52:13,2026-09-07 09:32:40,4424.9,4411.57,880.5,-13.33,-7.2,LOSS
390993180,GOLDmicro,BUY,0.23,2026-09-07 08:47:18,2026-09-07 09:32:40,4416.28,4411.57,45.4,-4.71,-1.08,LOSS
390993180,GOLDmicro,BUY,0.32,2026-09-07 08:47:18,2026-09-07 16:25:19,4416.28,4410.9,458.0,-5.38,-1.72,LOSS
390993180,GOLDmicro,BUY,0.34,2026-09-07 12:15:29,2026-09-07 16:25:19,4405.3,4410.9,249.8,5.6,1.9,WIN
390993180,BTCUSD,BUY,0.01,2026-09-07 12:15:02,2026-09-07 16:48:58,79197.55,78918.85,273.9,-278.7,-2.79,LOSS
390993180,BTCUSD,BUY,0.19,2026-09-07 16:42:03,2026-09-07 16:48:58,78867.35,78918.85,6.9,51.5,9.79,WIN
390993180,GOLDmicro,BUY,0.43,2026-09-07 12:15:29,2026-09-07 17:58:22,4405.3,4421.19,342.9,15.89,6.83,WIN
390993180,GOLDmicro,BUY,0.57,2026-09-07 17:35:11,2026-09-07 17:58:22,4420.9,4421.19,23.2,0.29,0.17,WIN
390993180,BTCUSD,BUY,0.01,2026-09-07 16:42:03,2026-09-07 18:10:41,78867.35,79006.05,88.6,138.7,1.39,WIN
390993180,US30Cash,SELL,0.1,2026-09-07 19:26:06,2026-09-07 19:27:41,53061.05,53066.05,1.6,-5.0,-0.5,LOSS
390993180,GOLDmicro,BUY,0.09,2026-09-07 17:35:11,2026-09-07 21:12:08,4420.9,4429.45,217.0,8.55,0.77,WIN
390993180,GOLDmicro,BUY,0.91,2026-09-07 18:54:13,2026-09-07 21:12:08,4417.81,4429.45,137.9,11.64,10.59,WIN
390993180,GOLDmicro,BUY,0.09,2026-09-07 18:54:13,2026-09-07 21:13:30,4417.81,4429.73,139.3,11.92,1.07,WIN
390993180,GOLDmicro,BUY,0.68,2026-09-07 19:38:59,2026-09-07 21:13:30,4431.7,4429.73,94.5,-1.97,-1.34,LOSS
390993180,GOLDmicro,BUY,0.09,2026-09-07 19:38:59,2026-09-08 05:59:41,4431.7,4405.6,620.7,-26.1,-2.35,LOSS
390993180,GOLDmicro,BUY,0.46,2026-09-07 20:57:22,2026-09-08 05:59:41,4423.77,4405.6,542.3,-18.17,-8.36,LOSS
390993180,GOLDmicro,BUY,0.54,2026-09-07 20:57:22,2026-09-08 10:27:22,4423.77,4392.32,810.0,-31.45,-16.98,LOSS
390993180,GOLDmicro,BUY,0.01,2026-09-08 05:55:26,2026-09-08 10:27:22,4401.55,4392.32,271.9,-9.23,-0.09,LOSS
390993180,GOLDmicro,BUY,0.54,2026-09-08 05:55:26,2026-09-08 12:32:13,4401.55,4381.66,396.8,-19.89,-10.74,LOSS
390993180,GOLDmicro,BUY,0.46,2026-09-08 11:02:26,2026-09-08 12:32:13,4398.96,4381.66,89.8,-17.3,-7.96,LOSS
390993180,GOLDmicro,BUY,0.09,2026-09-08 11:02:26,2026-09-08 12:32:15,4398.96,4381.34,89.8,-17.62,-1.59,LOSS
390993180,GOLDmicro,BUY,0.91,2026-09-08 11:41:09,2026-09-08 12:32:15,4387.55,4381.34,51.1,-6.21,-5.65,LOSS
390993180,GOLDmicro,BUY,0.09,2026-09-08 11:41:09,2026-09-08 12:48:21,4387.55,4378.64,67.2,-8.91,-0.8,LOSS
390993180,GOLDmicro,BUY,0.91,2026-09-08 12:18:58,2026-09-08 12:48:21,4385.31,4378.64,29.4,-6.67,-6.07,LOSS
390993180,GOLDmicro,BUY,0.09,2026-09-08 12:18:58,2026-09-08 12:57:39,4385.31,4373.79,38.7,-11.52,-1.04,LOSS
390993180,GOLDmicro,BUY,0.91,2026-09-08 12:32:52,2026-09-08 12:57:39,4383.69,4373.79,24.8,-9.9,-9.01,LOSS
390993180,GOLDmicro,BUY,0.09,2026-09-08 12:32:52,2026-09-08 12:57:42,4383.69,4373.95,24.8,-9.74,-0.88,LOSS
390993180,GOLDmicro,BUY,0.91,2026-09-08 12:48:40,2026-09-08 12:57:42,4377.92,4373.95,9.0,-3.97,-3.61,LOSS
390993180,GOLDmicro,BUY,0.09,2026-09-08 12:48:40,2026-09-08 16:40:14,4377.92,4352.49,231.6,-25.43,-2.29,LOSS
390993180,GOLDmicro,BUY,0.91,2026-09-08 12:49:13,2026-09-08 16:40:14,4371.34,4352.49,231.0,-18.85,-17.15,LOSS
390993180,GOLDmicro,BUY,0.09,2026-09-08 12:49:13,2026-09-08 16:41:23,4371.34,4352.43,232.2,-18.91,-1.7,LOSS
390993180,GOLDmicro,SELL,0.91,2026-09-08 16:41:23,2026-09-08 16:51:14,4352.43,4353.77,9.9,-1.34,-1.22,LOSS
390993180,GOLDmicro,BUY,0.09,2026-09-08 16:51:14,2026-09-08 18:14:01,4353.77,4351.18,82.8,-2.59,-0.23,LOSS
390993180,GOLDmicro,BUY,0.91,2026-09-08 18:07:43,2026-09-08 18:14:01,4346.05,4351.18,6.3,5.13,4.67,WIN
390993180,GOLDmicro,BUY,0.09,2026-09-08 18:07:43,2026-09-08 18:15:05,4346.05,4349.4,7.4,3.35,0.3,WIN
390993180,GOLDmicro,SELL,0.91,2026-09-08 18:15:05,2026-09-08 18:16:32,4349.4,4348.5,1.5,0.9,0.82,WIN
390993180,GOLDmicro,BUY,0.09,2026-09-08 18:16:32,2026-09-08 19:08:52,4348.5,4364.68,52.3,16.18,1.46,WIN
390993180,GOLDmicro,BUY,0.91,2026-09-08 19:08:14,2026-09-08 19:08:52,4367.03,4364.68,0.6,-2.35,-2.14,LOSS
390993180,GOLDmicro,BUY,0.09,2026-09-08 19:08:14,2026-09-09 16:53:15,4367.03,4399.1,1305.0,32.07,2.89,WIN
390993180,GOLDmicro,BUY,0.46,2026-09-08 19:29:44,2026-09-09 16:53:15,4372.78,4399.1,1283.5,26.32,12.11,WIN
390993180,GOLDmicro,BUY,0.54,2026-09-08 19:29:44,2026-09-09 20:04:23,4372.78,4416.64,1474.7,43.86,23.68,WIN
390993180,GOLDmicro,BUY,0.01,2026-09-09 18:40:01,2026-09-09 20:04:23,4399.03,4416.64,84.4,17.61,0.18,WIN
390993180,GOLDmicro,BUY,0.54,2026-09-09 18:40:01,2026-09-09 20:05:55,4399.03,4416.8,85.9,17.77,9.6,WIN
390993180,GOLDmicro,BUY,0.01,2026-09-09 19:26:10,2026-09-09 20:05:55,4416.7,4416.8,39.7,0.1,0.0,BE
390993180,USDJPYmicro,SELL,0.43,2026-09-10 03:00:00,2026-09-10 04:32:11,153.618,153.901,92.2,-0.283,-0.79,LOSS
390993180,GOLDmicro,BUY,0.54,2026-09-09 19:26:10,2026-09-10 06:16:52,4416.7,4369.92,650.7,-46.78,-25.26,LOSS
390993180,GOLDmicro,BUY,0.01,2026-09-09 19:59:59,2026-09-10 06:16:52,4412.64,4369.92,616.9,-42.72,-0.43,LOSS
390993180,GOLDmicro,BUY,0.54,2026-09-09 19:59:59,2026-09-10 20:25:23,4412.64,4326.34,1465.4,-86.3,-46.6,LOSS
390993180,GOLDmicro,BUY,0.01,2026-09-10 05:56:11,2026-09-10 20:25:23,4377.61,4326.34,869.2,-51.27,-0.51,LOSS
390993180,GOLDmicro,BUY,0.54,2026-09-10 05:56:11,2026-09-10 20:26:46,4377.61,4324.24,870.6,-53.37,-28.82,LOSS
390993180,GOLDmicro,BUY,0.01,2026-09-10 19:24:00,2026-09-10 20:26:46,4325.34,4324.24,62.8,-1.1,-0.01,BE
390993180,GOLDmicro,BUY,0.54,2026-09-10 19:24:00,2026-09-10 23:46:26,4325.34,4344.09,262.4,18.75,10.12,WIN
390993180,GOLDmicro,BUY,0.01,2026-09-10 20:26:04,2026-09-10 23:46:26,4325.75,4344.09,200.4,18.34,0.18,WIN
390993180,USDJPYmicro,SELL,0.25,2026-09-11 02:30:00,2026-09-11 02:36:46,154.3,154.182,6.8,0.118,0.19,WIN
390993180,USDJPYmicro,SELL,0.25,2026-09-11 02:30:00,2026-09-11 03:10:55,154.3,154.202,40.9,0.098,0.16,WIN
390993180,GOLDmicro,BUY,0.54,2026-09-10 20:26:04,2026-09-11 07:22:36,4325.75,4380.49,656.5,54.74,29.56,WIN
390993180,GOLDmicro,BUY,0.01,2026-09-10 23:41:02,2026-09-11 07:22:36,4335.35,4380.49,461.6,45.14,0.45,WIN
390993180,GOLDmicro,BUY,0.54,2026-09-10 23:41:02,2026-09-11 07:58:13,4335.35,4390.13,497.2,54.78,29.58,WIN
390993180,GOLDmicro,BUY,0.39,2026-09-11 07:46:57,2026-09-11 07:58:13,4398.0,4390.13,11.3,-7.87,-3.07,LOSS
390993180,GOLDmicro,BUY,0.16,2026-09-11 07:46:57,2026-09-11 07:59:55,4398.0,4401.78,13.0,3.78,0.6,WIN
390993180,GOLDmicro,SELL,0.46,2026-09-11 07:59:55,2026-09-11 08:02:04,4401.78,4383.83,2.1,17.95,8.26,WIN
390993180,GOLDmicro,SELL,0.31,2026-09-11 07:59:55,2026-09-11 08:02:48,4401.78,4382.24,2.9,19.54,6.06,WIN
390993180,BTCUSD,BUY,0.01,2026-09-11 14:52:20,2026-09-11 16:01:37,77231.55,76959.7,69.3,-271.85,-2.72,LOSS
